Date,City,PM2.5,PM10,NO2,O3,SO2,CO,Temperature,Humidity,Wind_Speed
2024-01-01T00:00,Delhi,88.9,128.1,35.6,31.0,28.1,1315.0,6.4,100.0,3.8
2024-01-01T01:00,Delhi,87.8,126.2,36.3,27.0,31.0,1393.0,10.1,88.0,4.0
2024-01-01T02:00,Delhi,91.5,131.8,37.1,24.0,35.0,1497.0,10.4,87.0,4.0
2024-01-01T03:00,Delhi,93.1,134.1,37.3,31.0,37.8,1548.0,11.2,85.0,5.8
2024-01-01T04:00,Delhi,95.2,136.9,36.7,59.0,37.4,1514.0,11.8,80.0,5.8
2024-01-01T05:00,Delhi,91.7,131.8,35.5,98.0,35.8,1427.0,12.8,72.0,4.7
2024-01-01T06:00,Delhi,87.3,125.7,33.2,132.0,37.2,1304.0,13.7,70.0,3.3
2024-01-01T07:00,Delhi,75.7,109.9,27.6,161.0,45.4,1104.0,14.8,67.0,3.4
2024-01-01T08:00,Delhi,62.9,92.0,21.0,184.0,56.5,867.0,15.6,62.0,4.8
2024-01-01T09:00,Delhi,57.5,85.0,19.7,192.0,63.8,730.0,16.1,62.0,6.4
2024-01-01T10:00,Delhi,56.6,83.8,27.5,173.0,62.2,742.0,16.2,62.0,7.7
2024-01-01T11:00,Delhi,57.4,85.0,40.6,138.0,56.7,854.0,15.6,66.0,8.2
2024-01-01T12:00,Delhi,91.5,136.0,50.8,90.0,49.9,970.0,13.1,80.0,5.6
2024-01-01T13:00,Delhi,104.3,153.7,58.1,71.0,57.6,1223.0,10.5,90.0,6.1
2024-01-01T14:00,Delhi,116.2,170.4,68.2,45.0,68.5,1580.0,9.6,93.0,5.9
2024-01-01T15:00,Delhi,129.9,189.5,76.1,24.0,77.9,1900.0,8.9,93.0,6.0
2024-01-01T16:00,Delhi,142.5,207.7,80.8,14.0,86.4,2176.0,7.9,95.0,5.7
2024-01-01T17:00,Delhi,153.2,222.6,83.3,11.0,93.5,2415.0,7.1,96.0,6.5
2024-01-01T18:00,Delhi,154.1,223.1,81.9,10.0,93.4,2503.0,6.5,97.0,7.0
2024-01-01T19:00,Delhi,141.6,204.9,74.3,13.0,80.6,2339.0,5.7,98.0,8.2
2024-01-01T20:00,Delhi,127.6,184.4,62.9,18.0,60.7,2024.0,5.4,99.0,7.9
2024-01-01T21:00,Delhi,114.8,165.8,52.4,24.0,44.5,1747.0,4.8,100.0,7.7
2024-01-01T22:00,Delhi,105.0,151.3,44.1,29.0,36.1,1559.0,4.6,100.0,6.4
2024-01-01T23:00,Delhi,97.6,140.6,36.9,33.0,31.3,1410.0,4.7,100.0,4.9
2024-01-02T00:00,Delhi,90.6,129.9,28.2,44.0,25.1,1246.0,4.7,100.0,4.3
2024-01-02T01:00,Delhi,79.4,114.6,26.3,54.0,26.4,1200.0,7.6,93.0,6.1
2024-01-02T02:00,Delhi,81.3,116.9,23.8,69.0,28.4,1135.0,7.9,93.0,5.3
2024-01-02T03:00,Delhi,77.8,112.5,21.9,83.0,31.1,1077.0,8.8,90.0,5.5
2024-01-02T04:00,Delhi,77.5,112.0,21.4,94.0,35.0,1035.0,10.0,82.0,4.0
2024-01-02T05:00,Delhi,75.7,110.1,21.5,106.0,39.6,999.0,11.2,73.0,1.1
2024-01-02T06:00,Delhi,74.5,108.7,21.6,120.0,43.9,967.0,12.3,69.0,1.1
2024-01-02T07:00,Delhi,74.0,108.3,20.0,145.0,47.8,924.0,13.5,66.0,2.2
2024-01-02T08:00,Delhi,72.4,106.2,18.4,172.0,51.4,885.0,14.6,63.0,3.3
2024-01-02T09:00,Delhi,71.2,105.0,20.9,184.0,53.8,896.0,15.2,63.0,4.0
2024-01-02T10:00,Delhi,71.5,105.2,30.2,169.0,53.1,957.0,15.3,64.0,5.6
2024-01-02T11:00,Delhi,72.4,106.4,43.5,138.0,51.2,1069.0,14.7,66.0,6.8
2024-01-02T12:00,Delhi,89.9,131.3,58.7,107.0,54.4,1275.0,11.6,82.0,7.9
2024-01-02T13:00,Delhi,120.1,174.2,73.5,80.0,70.2,1762.0,9.6,90.0,6.4
2024-01-02T14:00,Delhi,144.8,209.5,93.7,43.0,91.6,2430.0,8.8,92.0,6.9
2024-01-02T15:00,Delhi,158.3,229.1,106.5,16.0,104.6,2899.0,7.9,93.0,6.6
2024-01-02T16:00,Delhi,163.4,236.6,105.9,8.0,102.4,2996.0,6.8,95.0,8.2
2024-01-02T17:00,Delhi,161.6,233.3,97.8,11.0,91.7,2895.0,6.5,95.0,7.2
2024-01-02T18:00,Delhi,151.8,218.9,88.0,14.0,79.2,2740.0,6.3,96.0,6.5
2024-01-02T19:00,Delhi,140.2,201.2,76.9,16.0,65.1,2542.0,6.0,96.0,6.1
2024-01-02T20:00,Delhi,131.8,189.5,63.9,19.0,49.1,2291.0,5.1,99.0,6.9
2024-01-02T21:00,Delhi,126.7,181.6,53.0,22.0,37.1,2098.0,4.8,100.0,7.8
2024-01-02T22:00,Delhi,124.3,177.9,45.4,24.0,31.8,1996.0,5.2,100.0,6.8
2024-01-02T23:00,Delhi,124.8,179.3,39.9,27.0,30.5,1952.0,5.7,100.0,5.4
2024-01-03T00:00,Delhi,120.6,172.8,30.3,38.0,23.5,1737.0,5.2,100.0,2.6
2024-01-03T01:00,Delhi,119.7,171.4,31.2,39.0,25.7,1752.0,6.2,99.0,4.2
2024-01-03T02:00,Delhi,120.6,172.8,32.5,43.0,29.1,1767.0,6.7,100.0,3.8
2024-01-03T03:00,Delhi,121.5,174.6,33.2,54.0,33.7,1747.0,7.7,98.0,3.1
2024-01-03T04:00,Delhi,119.7,171.8,33.3,78.0,40.1,1667.0,8.9,98.0,3.6
2024-01-03T05:00,Delhi,122.5,176.0,32.8,110.0,47.8,1552.0,10.2,92.0,3.1
2024-01-03T06:00,Delhi,108.3,156.5,31.4,144.0,54.7,1432.0,12.7,81.0,2.9
2024-01-03T07:00,Delhi,89.4,131.8,26.6,185.0,60.5,1285.0,14.7,69.0,0.8
2024-01-03T08:00,Delhi,88.7,131.3,20.7,228.0,65.7,1135.0,15.5,66.0,4.2
2024-01-03T09:00,Delhi,88.0,131.3,20.9,249.0,69.2,1081.0,15.9,65.0,6.8
2024-01-03T10:00,Delhi,88.2,131.8,31.9,232.0,70.3,1182.0,15.8,66.0,7.1
2024-01-03T11:00,Delhi,89.6,134.1,48.9,193.0,69.7,1380.0,15.2,68.0,7.0
2024-01-03T12:00,Delhi,103.1,153.2,58.7,118.0,55.5,1437.0,12.4,83.0,8.2
2024-01-03T13:00,Delhi,124.3,183.5,65.9,94.0,57.9,1646.0,11.6,81.0,10.4
2024-01-03T14:00,Delhi,131.8,193.2,75.7,61.0,61.3,1936.0,10.2,87.0,8.7
2024-01-03T15:00,Delhi,135.5,197.9,81.9,35.0,63.8,2166.0,9.1,93.0,6.8
2024-01-03T16:00,Delhi,138.8,202.1,81.7,25.0,65.8,2290.0,8.3,94.0,5.3
2024-01-03T17:00,Delhi,143.0,207.2,77.9,22.0,67.0,2355.0,7.6,96.0,5.4
2024-01-03T18:00,Delhi,143.4,207.2,72.5,21.0,64.8,2358.0,7.6,96.0,5.2
2024-01-03T19:00,Delhi,136.0,197.0,65.5,21.0,56.3,2272.0,7.3,96.0,5.5
2024-01-03T20:00,Delhi,129.0,186.7,56.9,22.0,44.4,2124.0,6.6,97.0,6.6
2024-01-03T21:00,Delhi,122.5,177.0,48.6,25.0,34.6,1992.0,6.2,97.0,6.2
2024-01-03T22:00,Delhi,116.6,168.1,40.1,29.0,29.0,1884.0,5.8,99.0,5.4
2024-01-03T23:00,Delhi,112.0,161.1,32.0,34.0,25.5,1791.0,5.4,100.0,4.6
2024-01-04T00:00,Delhi,111.1,159.7,26.2,35.0,27.3,1790.0,5.2,100.0,4.2
2024-01-04T01:00,Delhi,113.9,163.4,29.0,30.0,28.8,1912.0,8.8,90.0,5.8
2024-01-04T02:00,Delhi,119.7,171.8,32.6,26.0,31.0,2074.0,9.0,89.0,5.0
2024-01-04T03:00,Delhi,122.5,176.0,34.0,32.0,32.7,2148.0,9.8,86.0,6.2
2024-01-04T04:00,Delhi,121.5,174.6,31.0,59.0,33.0,2062.0,11.6,80.0,7.2
2024-01-04T05:00,Delhi,117.8,170.0,25.7,98.0,32.9,1889.0,13.7,73.0,7.3
2024-01-04T06:00,Delhi,111.1,160.7,21.3,131.0,34.1,1714.0,15.4,68.0,7.4
2024-01-04T07:00,Delhi,101.3,148.5,17.5,157.0,37.9,1538.0,16.7,64.0,3.4
2024-01-04T08:00,Delhi,95.5,140.6,14.7,179.0,43.0,1361.0,17.6,60.0,2.9
2024-01-04T09:00,Delhi,89.6,132.7,17.0,185.0,47.1,1268.0,17.8,58.0,3.3
2024-01-04T10:00,Delhi,90.3,133.6,28.3,167.0,48.9,1299.0,17.9,57.0,3.3
2024-01-04T11:00,Delhi,88.7,131.3,44.7,135.0,49.8,1413.0,17.6,58.0,4.9
2024-01-04T12:00,Delhi,111.3,164.4,55.0,85.0,46.4,1348.0,15.8,67.0,7.7
2024-01-04T13:00,Delhi,127.6,187.7,58.9,73.0,48.6,1480.0,13.7,80.0,8.3
2024-01-04T14:00,Delhi,132.2,194.2,64.0,55.0,51.7,1664.0,13.1,82.0,9.3
2024-01-04T15:00,Delhi,136.4,199.8,66.7,42.0,53.6,1812.0,12.5,85.0,10.2
2024-01-04T16:00,Delhi,139.7,203.0,65.3,36.0,54.3,1896.0,10.8,93.0,9.3
2024-01-04T17:00,Delhi,145.8,210.9,61.3,34.0,53.8,1944.0,9.8,95.0,7.4
2024-01-04T18:00,Delhi,148.1,213.7,56.0,33.0,51.0,1953.0,8.9,97.0,6.0
2024-01-04T19:00,Delhi,142.5,205.8,48.7,34.0,44.0,1905.0,8.6,97.0,5.9
2024-01-04T20:00,Delhi,137.4,197.9,40.1,37.0,34.5,1819.0,8.4,98.0,5.3
2024-01-04T21:00,Delhi,131.8,190.0,32.6,39.0,26.9,1744.0,8.5,98.0,5.2
2024-01-04T22:00,Delhi,126.7,182.1,26.6,41.0,22.5,1687.0,9.2,97.0,6.3
2024-01-04T23:00,Delhi,121.5,175.1,21.8,42.0,19.8,1642.0,9.7,95.0,7.9
2024-01-05T00:00,Delhi,121.5,174.6,16.7,47.0,16.5,1604.0,9.2,97.0,6.6
2024-01-05T01:00,Delhi,120.1,172.8,21.4,41.0,19.2,1683.0,10.5,92.0,6.1
2024-01-05T02:00,Delhi,120.6,173.7,27.8,33.0,23.1,1791.0,10.5,93.0,5.2
2024-01-05T03:00,Delhi,122.9,176.5,31.9,38.0,26.4,1864.0,11.0,90.0,4.4
2024-01-05T04:00,Delhi,123.9,178.3,31.6,66.0,28.3,1904.0,11.8,87.0,4.0
2024-01-05T05:00,Delhi,125.7,181.1,28.9,106.0,29.7,1909.0,12.9,82.0,4.4
2024-01-05T06:00,Delhi,124.3,179.7,26.3,136.0,31.7,1805.0,14.9,75.0,4.0
2024-01-05T07:00,Delhi,102.7,150.4,22.9,148.0,35.1,1479.0,16.6,67.0,3.6
2024-01-05T08:00,Delhi,74.0,111.3,19.5,150.0,39.2,1045.0,16.8,65.0,4.8
2024-01-05T09:00,Delhi,68.0,103.6,20.9,143.0,42.4,765.0,17.0,63.0,3.4
2024-01-05T10:00,Delhi,67.5,103.1,31.5,124.0,44.0,778.0,17.3,61.0,2.6
2024-01-05T11:00,Delhi,66.8,102.0,47.0,97.0,44.7,947.0,17.1,60.0,5.0
2024-01-05T12:00,Delhi,109.4,164.4,74.5,70.0,54.2,1334.0,16.1,65.0,6.1
2024-01-05T13:00,Delhi,119.0,177.4,74.6,60.0,56.2,1435.0,11.2,90.0,6.6
2024-01-05T14:00,Delhi,122.9,182.1,74.4,46.0,58.7,1572.0,10.5,92.0,7.6
2024-01-05T15:00,Delhi,125.3,185.3,72.4,36.0,59.2,1660.0,9.7,94.0,6.8
2024-01-05T16:00,Delhi,126.7,186.7,67.5,32.0,56.5,1654.0,9.1,95.0,6.6
2024-01-05T17:00,Delhi,125.7,185.3,60.7,32.0,51.9,1598.0,8.4,96.0,7.3
2024-01-05T18:00,Delhi,122.9,180.7,53.6,32.0,46.3,1543.0,7.3,97.0,9.7
2024-01-05T19:00,Delhi,117.6,172.8,46.1,33.0,39.4,1497.0,7.3,97.0,9.0
2024-01-05T20:00,Delhi,114.8,168.1,38.3,35.0,31.5,1451.0,7.6,98.0,6.6
2024-01-05T21:00,Delhi,112.9,164.4,31.7,37.0,25.4,1429.0,6.6,99.0,7.1
2024-01-05T22:00,Delhi,111.5,161.6,26.2,38.0,21.8,1434.0,6.3,100.0,5.7
2024-01-05T23:00,Delhi,109.9,158.8,21.9,39.0,20.0,1464.0,6.6,100.0,4.7
2024-01-06T00:00,Delhi,106.9,154.6,12.0,68.0,16.7,1440.0,7.2,100.0,4.6
2024-01-06T01:00,Delhi,105.9,152.7,16.9,63.0,19.1,1576.0,9.2,96.0,6.2
2024-01-06T02:00,Delhi,108.5,156.5,23.4,57.0,22.6,1755.0,9.6,95.0,6.2
2024-01-06T03:00,Delhi,113.2,163.4,27.2,61.0,26.3,1835.0,10.8,90.0,4.2
2024-01-06T04:00,Delhi,117.6,170.0,25.4,84.0,30.4,1727.0,12.3,84.0,5.8
2024-01-06T05:00,Delhi,117.6,170.9,20.8,117.0,34.9,1519.0,13.6,77.0,7.4
2024-01-06T06:00,Delhi,97.1,143.9,17.1,146.0,38.4,1333.0,14.9,67.0,7.3
2024-01-06T07:00,Delhi,87.8,131.3,13.9,169.0,40.3,1182.0,15.7,62.0,7.3
2024-01-06T08:00,Delhi,83.6,125.3,11.6,187.0,41.4,1052.0,16.3,59.0,5.6
2024-01-06T09:00,Delhi,83.1,124.3,14.5,191.0,42.6,1022.0,16.8,58.0,4.3
2024-01-06T10:00,Delhi,84.5,126.2,26.9,171.0,43.8,1137.0,16.9,58.0,4.3
2024-01-06T11:00,Delhi,87.8,130.4,44.7,136.0,45.2,1351.0,16.6,59.0,3.9
2024-01-06T12:00,Delhi,107.3,157.9,62.6,73.0,44.4,1533.0,13.7,75.0,6.1
2024-01-06T13:00,Delhi,132.7,194.2,66.1,62.0,53.7,1862.0,12.5,79.0,4.0
2024-01-06T14:00,Delhi,145.8,211.9,70.6,47.0,66.1,2309.0,12.8,79.0,4.0
2024-01-06T15:00,Delhi,151.8,220.3,72.3,36.0,72.4,2588.0,12.7,78.0,6.2
2024-01-06T16:00,Delhi,150.9,218.9,69.5,33.0,67.4,2550.0,12.2,79.0,6.1
2024-01-06T17:00,Delhi,147.6,213.7,63.9,34.0,56.3,2343.0,11.0,84.0,5.0
2024-01-06T18:00,Delhi,139.7,201.6,56.4,37.0,45.5,2132.0,11.0,84.0,6.9
2024-01-06T19:00,Delhi,128.5,185.3,45.8,41.0,36.5,1953.0,10.7,85.0,6.4
2024-01-06T20:00,Delhi,120.1,173.2,33.4,47.0,27.8,1768.0,10.2,86.0,5.5
2024-01-06T21:00,Delhi,114.1,164.8,24.0,50.0,21.7,1633.0,9.8,88.0,5.2
2024-01-06T22:00,Delhi,109.9,158.3,19.2,48.0,19.2,1563.0,9.1,93.0,6.4
2024-01-06T23:00,Delhi,106.6,153.7,17.4,45.0,19.2,1541.0,9.0,93.0,6.5
2024-01-07T00:00,Delhi,128.1,184.9,27.3,35.0,24.2,1951.0,9.4,93.0,5.6
2024-01-07T01:00,Delhi,128.1,184.4,30.6,30.0,26.5,2043.0,6.2,96.0,6.5
2024-01-07T02:00,Delhi,133.6,192.8,35.0,25.0,29.7,2163.0,6.1,95.0,5.4
2024-01-07T03:00,Delhi,138.8,199.8,36.8,35.0,33.0,2210.0,8.6,89.0,6.1
2024-01-07T04:00,Delhi,141.6,203.5,33.6,75.0,35.6,2135.0,11.5,80.0,3.4
2024-01-07T05:00,Delhi,143.0,205.8,27.9,130.0,38.1,1987.0,13.7,72.0,3.3
2024-01-07T06:00,Delhi,134.1,194.6,23.1,175.0,41.7,1810.0,15.2,66.0,2.9
2024-01-07T07:00,Delhi,113.4,165.8,18.2,204.0,46.8,1557.0,16.2,62.0,4.1
2024-01-07T08:00,Delhi,97.6,143.4,14.3,222.0,52.8,1274.0,16.9,60.0,4.7
2024-01-07T09:00,Delhi,91.3,134.6,18.2,226.0,59.3,1146.0,17.4,58.0,4.2
2024-01-07T10:00,Delhi,90.1,133.2,35.1,210.0,65.2,1245.0,17.5,58.0,3.4
2024-01-07T11:00,Delhi,92.7,136.9,60.0,179.0,71.4,1499.0,17.1,59.0,2.2
2024-01-07T12:00,Delhi,128.5,189.5,80.0,96.0,62.9,1681.0,16.4,61.0,2.6
2024-01-07T13:00,Delhi,161.6,237.0,97.0,72.0,84.0,2284.0,11.1,82.0,4.3
2024-01-07T14:00,Delhi,191.4,279.4,120.0,38.0,112.4,3107.0,9.7,89.0,5.2
2024-01-07T15:00,Delhi,211.9,309.2,133.2,14.0,128.8,3656.0,9.1,91.0,6.1
2024-01-07T16:00,Delhi,213.3,310.1,128.4,9.0,122.6,3691.0,8.6,92.0,7.1
2024-01-07T17:00,Delhi,204.0,296.2,113.8,14.0,104.4,3452.0,8.1,93.0,6.9
2024-01-07T18:00,Delhi,190.0,274.7,98.7,19.0,86.0,3167.0,7.6,93.0,6.2
2024-01-07T19:00,Delhi,171.8,248.7,84.9,22.0,69.8,2869.0,6.8,95.0,6.8
2024-01-07T20:00,Delhi,158.3,229.1,70.6,25.0,53.5,2526.0,6.6,95.0,6.9
2024-01-07T21:00,Delhi,149.0,215.1,59.0,27.0,41.8,2262.0,6.8,95.0,6.6
2024-01-07T22:00,Delhi,142.5,206.3,50.4,28.0,37.0,2109.0,6.3,96.0,7.9
2024-01-07T23:00,Delhi,138.3,200.2,44.6,28.0,36.8,2036.0,6.0,97.0,7.9
2024-01-08T00:00,Delhi,151.3,218.4,53.0,25.0,44.0,2262.0,5.5,98.0,8.9
2024-01-08T01:00,Delhi,144.4,208.6,50.8,19.0,42.2,2293.0,6.0,98.0,8.0
2024-01-08T02:00,Delhi,143.9,207.2,47.6,14.0,40.0,2329.0,6.4,98.0,7.5
2024-01-08T03:00,Delhi,145.8,210.0,43.8,26.0,39.6,2302.0,8.4,98.0,5.0
2024-01-08T04:00,Delhi,147.1,212.8,38.8,71.0,41.5,2175.0,10.8,94.0,4.4
2024-01-08T05:00,Delhi,147.6,213.7,33.2,134.0,45.3,1985.0,13.5,85.0,4.1
2024-01-08T06:00,Delhi,138.8,202.6,28.8,185.0,51.8,1777.0,15.8,72.0,3.6
2024-01-08T07:00,Delhi,129.0,191.4,23.6,215.0,62.6,1500.0,17.0,67.0,3.7
2024-01-08T08:00,Delhi,113.9,170.4,19.5,233.0,76.0,1205.0,17.9,64.0,3.2
2024-01-08T09:00,Delhi,104.5,157.4,24.8,235.0,88.0,1084.0,18.4,63.0,3.1
2024-01-08T10:00,Delhi,102.4,154.1,45.6,214.0,95.0,1218.0,18.4,63.0,2.7
2024-01-08T11:00,Delhi,105.7,158.8,75.7,177.0,100.6,1527.0,18.0,64.0,2.5
2024-01-08T12:00,Delhi,135.0,199.8,68.3,95.0,66.0,1574.0,16.5,71.0,4.7
2024-01-08T13:00,Delhi,166.2,244.9,80.8,71.0,80.8,2066.0,11.5,88.0,8.6
2024-01-08T14:00,Delhi,190.9,280.3,97.7,39.0,100.8,2739.0,10.7,91.0,8.4
2024-01-08T15:00,Delhi,202.6,297.1,107.6,16.0,112.5,3193.0,9.5,94.0,8.7
2024-01-08T16:00,Delhi,203.5,298.0,105.0,10.0,109.2,3246.0,8.8,96.0,8.4
2024-01-08T17:00,Delhi,199.8,290.6,95.4,14.0,97.5,3081.0,8.2,97.0,8.2
2024-01-08T18:00,Delhi,187.7,272.9,84.3,19.0,84.0,2849.0,7.8,98.0,6.4
2024-01-08T19:00,Delhi,169.5,246.8,72.5,23.0,68.9,2560.0,7.3,99.0,6.2
2024-01-08T20:00,Delhi,156.0,226.8,59.2,29.0,52.0,2205.0,6.9,100.0,6.6
2024-01-08T21:00,Delhi,144.8,210.5,46.7,35.0,38.6,1909.0,6.9,100.0,6.3
2024-01-08T22:00,Delhi,134.1,195.1,34.3,44.0,31.0,1704.0,7.2,98.0,7.4
2024-01-08T23:00,Delhi,124.8,181.1,22.7,54.0,27.0,1559.0,6.7,98.0,6.0
2024-01-09T00:00,Delhi,123.4,179.3,16.5,52.0,25.8,1397.0,6.2,98.0,7.2
2024-01-09T01:00,Delhi,121.1,176.0,22.7,44.0,28.8,1518.0,7.2,98.0,5.1
2024-01-09T02:00,Delhi,126.2,183.0,31.0,35.0,32.9,1677.0,6.8,99.0,4.5
2024-01-09T03:00,Delhi,129.5,188.6,35.3,38.0,35.1,1735.0,8.5,93.0,5.8
2024-01-09T04:00,Delhi,128.1,186.7,32.0,66.0,34.0,1609.0,10.9,86.0,4.2
2024-01-09T05:00,Delhi,118.5,173.2,24.8,107.0,31.1,1383.0,13.8,76.0,5.8
2024-01-09T06:00,Delhi,105.9,156.0,18.4,139.0,27.9,1172.0,15.9,71.0,11.4
2024-01-09T07:00,Delhi,101.5,149.9,13.4,154.0,24.2,995.0,17.0,68.0,13.2
2024-01-09T08:00,Delhi,87.5,129.9,9.2,159.0,20.1,832.0,17.7,65.0,13.9
2024-01-09T09:00,Delhi,74.7,111.1,9.3,155.0,17.7,740.0,18.0,63.0,13.0
2024-01-09T10:00,Delhi,69.4,103.1,16.9,137.0,18.2,762.0,18.0,62.0,11.8
2024-01-09T11:00,Delhi,67.1,99.7,28.6,110.0,20.5,855.0,17.4,66.0,12.1
2024-01-09T12:00,Delhi,54.8,79.9,33.3,84.0,20.7,855.0,15.3,77.0,9.8
2024-01-09T13:00,Delhi,64.3,93.1,39.1,70.0,24.5,952.0,10.7,88.0,10.8
2024-01-09T14:00,Delhi,70.1,101.7,46.9,51.0,29.7,1083.0,9.6,92.0,9.6
2024-01-09T15:00,Delhi,73.3,106.9,50.6,37.0,32.3,1162.0,8.8,93.0,10.9
2024-01-09T16:00,Delhi,74.3,108.3,46.8,34.0,30.2,1140.0,8.0,94.0,11.2
2024-01-09T17:00,Delhi,75.4,110.4,38.9,36.0,25.6,1066.0,7.3,95.0,11.0
2024-01-09T18:00,Delhi,75.7,110.8,31.3,40.0,21.3,999.0,6.7,95.0,10.1
2024-01-09T19:00,Delhi,73.8,107.3,25.0,44.0,18.0,955.0,6.2,95.0,12.1
2024-01-09T20:00,Delhi,73.8,107.1,19.0,49.0,15.1,918.0,5.8,95.0,13.2
2024-01-09T21:00,Delhi,74.5,107.8,14.5,53.0,13.2,903.0,5.3,95.0,12.9
2024-01-09T22:00,Delhi,75.2,109.0,11.7,55.0,12.6,908.0,4.9,95.0,12.2
2024-01-09T23:00,Delhi,76.1,109.9,10.4,55.0,13.0,934.0,4.7,95.0,11.9
2024-01-10T00:00,Delhi,78.7,113.2,9.3,63.0,12.7,978.0,4.6,95.0,13.1
2024-01-10T01:00,Delhi,79.2,114.1,12.5,59.0,15.9,1013.0,5.3,97.0,13.9
2024-01-10T02:00,Delhi,81.3,116.9,16.9,55.0,20.4,1060.0,5.4,96.0,14.8
2024-01-10T03:00,Delhi,82.7,119.0,19.7,57.0,24.3,1089.0,6.6,90.0,15.0
2024-01-10T04:00,Delhi,82.2,118.0,19.4,71.0,27.1,1088.0,8.5,83.0,14.8
2024-01-10T05:00,Delhi,81.0,116.9,17.5,92.0,29.3,1070.0,10.4,78.0,14.2
2024-01-10T06:00,Delhi,81.3,117.3,15.6,111.0,30.5,1038.0,12.2,73.0,13.4
2024-01-10T07:00,Delhi,79.4,114.6,13.6,127.0,30.2,982.0,13.8,69.0,14.1
2024-01-10T08:00,Delhi,75.2,109.0,11.6,141.0,28.8,914.0,15.0,64.0,14.5
2024-01-10T09:00,Delhi,70.5,102.0,12.1,145.0,27.2,870.0,15.7,62.0,14.3
2024-01-10T10:00,Delhi,65.2,94.8,17.3,133.0,25.2,870.0,15.8,62.0,14.1
2024-01-10T11:00,Delhi,61.7,89.4,24.9,110.0,22.9,894.0,15.2,65.0,13.5
2024-01-10T12:00,Delhi,92.0,134.6,40.8,80.0,27.3,1027.0,13.3,75.0,11.2
2024-01-10T13:00,Delhi,94.5,137.4,41.0,73.0,26.8,1063.0,10.1,87.0,11.3
2024-01-10T14:00,Delhi,93.8,136.0,41.1,63.0,26.1,1113.0,9.6,89.0,12.9
2024-01-10T15:00,Delhi,92.4,134.1,40.5,55.0,25.6,1155.0,9.1,91.0,12.9
2024-01-10T16:00,Delhi,92.0,133.2,38.8,51.0,25.9,1187.0,8.5,92.0,11.9
2024-01-10T17:00,Delhi,93.6,135.5,36.4,49.0,26.4,1211.0,7.9,92.0,9.8
2024-01-10T18:00,Delhi,94.3,136.4,33.2,48.0,26.0,1213.0,7.2,93.0,8.3
2024-01-10T19:00,Delhi,91.7,132.2,28.9,48.0,23.6,1178.0,6.8,94.0,9.1
2024-01-10T20:00,Delhi,89.4,128.5,23.8,48.0,20.3,1121.0,6.5,94.0,10.1
2024-01-10T21:00,Delhi,87.3,125.3,19.6,49.0,17.9,1070.0,6.2,94.0,11.2
2024-01-10T22:00,Delhi,85.7,122.9,15.9,51.0,16.9,1018.0,6.0,95.0,11.9
2024-01-10T23:00,Delhi,84.8,122.0,13.0,54.0,16.7,972.0,5.8,95.0,11.9
2024-01-11T00:00,Delhi,92.0,132.2,11.5,63.0,17.7,1018.0,5.6,95.0,10.8
2024-01-11T01:00,Delhi,95.2,136.9,14.3,65.0,20.2,1084.0,6.2,100.0,10.4
2024-01-11T02:00,Delhi,102.4,147.6,18.1,70.0,23.7,1175.0,6.5,99.0,11.3
2024-01-11T03:00,Delhi,107.6,156.5,20.3,79.0,26.9,1231.0,6.9,99.0,12.0
2024-01-11T04:00,Delhi,104.1,152.7,19.4,97.0,29.5,1225.0,7.5,97.0,11.5
2024-01-11T05:00,Delhi,100.6,148.5,16.9,121.0,31.9,1186.0,9.2,88.0,9.7
2024-01-11T06:00,Delhi,99.2,147.1,14.8,142.0,33.6,1141.0,11.3,79.0,9.4
2024-01-11T07:00,Delhi,98.5,146.2,12.6,162.0,34.3,1082.0,13.2,74.0,9.2
2024-01-11T08:00,Delhi,91.0,136.0,10.7,179.0,34.4,1018.0,14.5,70.0,9.7
2024-01-11T09:00,Delhi,86.8,130.4,13.1,182.0,34.6,1005.0,15.3,68.0,10.2
2024-01-11T10:00,Delhi,84.8,127.1,23.3,163.0,35.2,1079.0,15.5,67.0,11.4
2024-01-11T11:00,Delhi,84.8,126.7,37.6,130.0,36.0,1204.0,14.9,69.0,11.5
2024-01-11T12:00,Delhi,103.1,152.7,50.6,105.0,37.2,1339.0,12.7,81.0,7.9
2024-01-11T13:00,Delhi,106.9,157.9,51.5,93.0,37.6,1396.0,11.0,85.0,9.6
2024-01-11T14:00,Delhi,107.6,158.3,52.5,76.0,38.0,1474.0,10.0,89.0,9.2
2024-01-11T15:00,Delhi,108.0,158.3,51.5,63.0,37.6,1528.0,9.2,91.0,8.4
2024-01-11T16:00,Delhi,108.3,158.3,47.2,58.0,36.0,1541.0,8.3,93.0,7.6
2024-01-11T17:00,Delhi,109.0,158.8,40.8,57.0,33.6,1529.0,7.7,94.0,7.4
2024-01-11T18:00,Delhi,106.9,155.1,34.1,58.0,30.6,1495.0,7.4,95.0,8.2
2024-01-11T19:00,Delhi,100.8,145.3,26.9,61.0,26.3,1428.0,7.5,94.0,11.1
2024-01-11T20:00,Delhi,96.6,138.8,19.4,65.0,21.3,1339.0,7.2,94.0,9.5
2024-01-11T21:00,Delhi,93.4,134.1,13.9,68.0,17.8,1269.0,6.8,95.0,9.4
2024-01-11T22:00,Delhi,90.8,130.4,10.8,68.0,16.4,1221.0,6.5,96.0,10.4
2024-01-11T23:00,Delhi,88.7,127.1,9.6,66.0,16.4,1192.0,6.3,96.0,10.1
2024-01-12T00:00,Delhi,88.0,126.7,12.1,61.0,17.9,1197.0,6.1,96.0,10.8
2024-01-12T01:00,Delhi,89.4,128.5,15.8,56.0,19.4,1239.0,5.9,98.0,11.2
2024-01-12T02:00,Delhi,93.8,134.6,20.8,50.0,21.4,1292.0,5.6,99.0,11.6
2024-01-12T03:00,Delhi,94.8,136.4,23.8,52.0,23.4,1307.0,6.6,98.0,12.2
2024-01-12T04:00,Delhi,92.7,133.6,22.8,70.0,25.2,1254.0,7.9,97.0,12.4
2024-01-12T05:00,Delhi,87.3,126.2,19.7,96.0,26.9,1162.0,9.8,91.0,11.4
2024-01-12T06:00,Delhi,85.2,123.4,16.9,119.0,28.1,1066.0,12.7,79.0,10.8
2024-01-12T07:00,Delhi,80.6,117.3,13.7,136.0,28.4,955.0,14.8,69.0,8.8
2024-01-12T08:00,Delhi,75.4,110.1,10.9,150.0,28.3,840.0,16.4,60.0,9.0
2024-01-12T09:00,Delhi,70.1,102.9,12.4,151.0,28.4,792.0,17.3,57.0,9.8
2024-01-12T10:00,Delhi,68.2,100.4,21.6,133.0,28.2,831.0,17.4,58.0,10.0
2024-01-12T11:00,Delhi,68.5,100.6,35.2,103.0,28.2,936.0,16.8,61.0,9.0
2024-01-12T12:00,Delhi,88.7,129.9,49.9,70.0,34.5,1076.0,13.6,79.0,7.0
2024-01-12T13:00,Delhi,102.4,149.5,52.7,59.0,38.0,1223.0,11.6,85.0,7.7
2024-01-12T14:00,Delhi,108.3,157.9,56.7,44.0,43.2,1432.0,10.6,88.0,7.6
2024-01-12T15:00,Delhi,110.8,161.1,60.6,32.0,50.4,1643.0,9.4,91.0,7.3
2024-01-12T16:00,Delhi,117.3,170.4,64.9,25.0,62.4,1861.0,8.4,94.0,8.3
2024-01-12T17:00,Delhi,130.9,190.0,69.2,21.0,76.3,2081.0,7.5,95.0,9.9
2024-01-12T18:00,Delhi,143.4,208.2,71.0,18.0,83.6,2219.0,9.3,93.0,6.2
2024-01-12T19:00,Delhi,145.3,210.9,68.7,17.0,78.6,2228.0,8.9,95.0,3.8
2024-01-12T20:00,Delhi,138.3,200.2,63.8,18.0,66.9,2156.0,6.1,99.0,4.9
2024-01-12T21:00,Delhi,126.2,182.5,58.9,19.0,56.7,2063.0,6.0,99.0,5.0
2024-01-12T22:00,Delhi,117.6,170.4,52.7,19.0,49.5,1918.0,5.9,100.0,5.9
2024-01-12T23:00,Delhi,112.9,163.4,46.4,19.0,43.8,1754.0,6.1,100.0,4.4
2024-01-13T00:00,Delhi,110.8,160.2,39.3,29.0,30.4,1542.0,6.2,99.0,5.1
2024-01-13T01:00,Delhi,111.8,161.6,43.2,24.0,33.5,1669.0,5.9,99.0,3.6
2024-01-13T02:00,Delhi,117.1,168.6,48.4,19.0,37.9,1835.0,6.1,96.0,4.3
2024-01-13T03:00,Delhi,121.1,174.6,49.9,30.0,41.0,1901.0,7.0,95.0,4.1
2024-01-13T04:00,Delhi,123.4,177.9,44.6,73.0,41.9,1788.0,7.9,96.0,2.9
2024-01-13T05:00,Delhi,118.3,171.8,35.7,131.0,41.6,1574.0,9.9,93.0,3.0
2024-01-13T06:00,Delhi,102.9,150.4,28.1,175.0,41.0,1354.0,12.6,80.0,2.6
2024-01-13T07:00,Delhi,87.3,129.0,20.4,194.0,39.6,1102.0,15.3,65.0,2.2
2024-01-13T08:00,Delhi,75.0,111.1,14.1,198.0,37.9,845.0,17.0,55.0,2.9
2024-01-13T09:00,Delhi,69.6,102.9,18.0,188.0,38.8,755.0,17.9,51.0,2.8
2024-01-13T10:00,Delhi,67.3,99.0,40.5,157.0,42.3,912.0,18.1,50.0,2.3
2024-01-13T11:00,Delhi,70.8,103.6,73.2,111.0,48.3,1237.0,17.6,59.0,1.8
2024-01-13T12:00,Delhi,105.0,154.1,86.8,65.0,54.1,1508.0,14.8,68.0,6.1
2024-01-13T13:00,Delhi,125.3,182.5,92.4,49.0,69.3,1941.0,11.6,87.0,7.2
2024-01-13T14:00,Delhi,144.4,210.5,100.0,26.0,90.7,2547.0,9.9,89.0,9.2
2024-01-13T15:00,Delhi,162.5,236.6,105.0,9.0,109.1,3055.0,8.7,91.0,10.2
2024-01-13T16:00,Delhi,177.4,258.0,106.1,3.0,124.0,3403.0,9.4,88.0,7.6
2024-01-13T17:00,Delhi,188.6,273.8,104.7,2.0,136.0,3654.0,10.1,86.0,5.2
2024-01-13T18:00,Delhi,188.6,273.8,100.3,3.0,137.8,3731.0,9.6,88.0,3.2
2024-01-13T19:00,Delhi,177.4,258.0,91.3,7.0,122.6,3553.0,9.2,91.0,3.3
2024-01-13T20:00,Delhi,163.0,237.0,79.4,13.0,97.2,3202.0,8.6,93.0,4.4
2024-01-13T21:00,Delhi,147.1,213.7,68.4,18.0,74.6,2840.0,5.6,100.0,5.5
2024-01-13T22:00,Delhi,131.8,191.9,58.8,22.0,58.5,2474.0,4.8,99.0,4.5
2024-01-13T23:00,Delhi,119.2,173.7,50.3,25.0,45.2,2098.0,5.3,100.0,5.8
2024-01-14T00:00,Delhi,112.7,163.0,48.2,26.0,39.8,1849.0,5.1,100.0,6.5
2024-01-14T01:00,Delhi,109.4,158.3,54.6,22.0,43.1,2011.0,5.2,100.0,6.0
2024-01-14T02:00,Delhi,117.8,170.4,62.8,19.0,47.4,2217.0,5.1,99.0,5.6
2024-01-14T03:00,Delhi,124.8,179.7,64.3,29.0,48.7,2252.0,5.4,98.0,5.9
2024-01-14T04:00,Delhi,120.1,174.2,52.7,67.0,44.1,1966.0,6.9,94.0,6.9
2024-01-14T05:00,Delhi,106.6,155.5,34.3,119.0,36.6,1508.0,8.9,92.0,6.9
2024-01-14T06:00,Delhi,86.6,127.6,20.0,156.0,30.6,1114.0,12.0,79.0,6.9
2024-01-14T07:00,Delhi,68.7,102.0,12.6,166.0,27.8,845.0,14.9,67.0,7.1
2024-01-14T08:00,Delhi,56.1,83.4,9.1,161.0,26.6,638.0,16.7,58.0,6.9
2024-01-14T09:00,Delhi,49.0,72.6,11.6,147.0,26.5,545.0,17.7,54.0,6.9
2024-01-14T10:00,Delhi,44.7,66.1,24.1,123.0,27.6,618.0,18.0,52.0,7.1
2024-01-14T11:00,Delhi,45.4,66.6,42.5,90.0,30.0,805.0,17.3,56.0,7.4
2024-01-14T12:00,Delhi,90.3,132.7,68.7,47.0,41.5,1271.0,13.6,75.0,7.4
2024-01-14T13:00,Delhi,96.4,141.1,65.7,44.0,41.9,1310.0,10.8,86.0,8.8
2024-01-14T14:00,Delhi,96.2,140.6,61.3,39.0,42.4,1363.0,9.6,89.0,10.0
2024-01-14T15:00,Delhi,96.9,141.6,56.9,35.0,42.0,1387.0,8.8,91.0,9.7
2024-01-14T16:00,Delhi,98.7,144.8,53.2,33.0,40.5,1363.0,8.3,93.0,8.4
2024-01-14T17:00,Delhi,102.7,150.4,49.4,32.0,38.1,1311.0,7.7,94.0,7.7
2024-01-14T18:00,Delhi,104.3,152.7,44.6,32.0,35.1,1250.0,7.3,94.0,7.6
2024-01-14T19:00,Delhi,101.5,149.5,37.7,33.0,30.7,1177.0,6.7,96.0,7.4
2024-01-14T20:00,Delhi,99.7,147.1,29.9,35.0,25.5,1094.0,5.9,97.0,7.1
2024-01-14T21:00,Delhi,98.3,144.8,23.7,36.0,21.8,1033.0,5.2,98.0,7.1
2024-01-14T22:00,Delhi,96.9,143.0,19.6,36.0,20.0,989.0,5.1,99.0,6.6
2024-01-14T23:00,Delhi,95.5,141.1,17.1,36.0,19.6,965.0,5.0,99.0,7.6
2024-01-15T00:00,Delhi,90.6,130.4,14.4,44.0,19.0,938.0,5.0,100.0,8.5
2024-01-15T01:00,Delhi,91.0,131.3,18.4,39.0,21.6,1001.0,5.4,100.0,8.7
2024-01-15T02:00,Delhi,95.7,137.8,23.8,34.0,25.3,1086.0,5.7,99.0,8.2
2024-01-15T03:00,Delhi,97.3,140.6,27.1,39.0,28.2,1135.0,6.0,98.0,7.9
2024-01-15T04:00,Delhi,96.4,139.2,26.4,63.0,29.6,1125.0,7.0,97.0,8.8
2024-01-15T05:00,Delhi,97.1,141.1,23.7,96.0,30.3,1080.0,8.9,88.0,7.9
2024-01-15T06:00,Delhi,93.6,136.9,20.8,123.0,30.7,1006.0,11.3,78.0,7.1
2024-01-15T07:00,Delhi,85.9,126.7,16.4,138.0,30.4,866.0,13.4,70.0,7.0
2024-01-15T08:00,Delhi,78.5,115.9,11.8,147.0,29.8,698.0,15.0,61.0,7.0
2024-01-15T09:00,Delhi,71.9,107.1,13.5,143.0,30.3,627.0,15.9,57.0,7.9
2024-01-15T10:00,Delhi,69.6,103.6,26.7,120.0,31.8,698.0,16.1,56.0,8.0
2024-01-15T11:00,Delhi,70.3,104.5,46.2,85.0,34.5,866.0,15.5,59.0,6.8
2024-01-15T12:00,Delhi,87.3,128.1,68.8,58.0,44.2,1195.0,12.1,79.0,8.4
2024-01-15T13:00,Delhi,95.2,139.2,70.6,45.0,52.0,1422.0,11.4,75.0,6.1
2024-01-15T14:00,Delhi,103.8,151.3,72.8,28.0,62.7,1736.0,9.8,82.0,7.0
2024-01-15T15:00,Delhi,116.2,169.0,73.5,15.0,70.0,1977.0,7.9,90.0,9.0
2024-01-15T16:00,Delhi,122.9,178.3,71.2,13.0,71.1,2077.0,7.3,91.0,8.6
2024-01-15T17:00,Delhi,125.7,182.1,67.3,15.0,68.8,2104.0,7.1,91.0,7.9
2024-01-15T18:00,Delhi,128.5,185.8,63.6,18.0,65.8,2108.0,6.6,93.0,6.8
2024-01-15T19:00,Delhi,127.1,183.9,60.5,19.0,62.5,2093.0,5.2,97.0,7.6
2024-01-15T20:00,Delhi,127.6,183.9,57.7,20.0,58.5,2055.0,4.6,99.0,8.3
2024-01-15T21:00,Delhi,127.1,183.0,55.2,20.0,55.1,2030.0,6.2,98.0,6.1
2024-01-15T22:00,Delhi,126.7,182.5,52.2,17.0,52.2,2021.0,5.8,99.0,4.1
2024-01-15T23:00,Delhi,123.4,177.4,49.6,14.0,49.9,2025.0,3.9,100.0,3.1
2024-01-16T00:00,Delhi,108.0,155.1,35.6,31.0,30.3,1540.0,4.3,98.0,2.5
2024-01-16T01:00,Delhi,107.1,153.7,38.0,23.0,33.9,1699.0,4.6,99.0,1.9
2024-01-16T02:00,Delhi,112.2,160.7,41.3,13.0,38.7,1914.0,4.8,99.0,3.2
2024-01-16T03:00,Delhi,119.7,171.8,43.6,19.0,41.8,2053.0,5.4,98.0,2.7
2024-01-16T04:00,Delhi,123.4,177.4,44.8,51.0,39.7,2061.0,6.7,96.0,2.9
2024-01-16T05:00,Delhi,128.1,183.9,45.0,98.0,35.9,1992.0,8.5,91.0,2.0
2024-01-16T06:00,Delhi,131.8,190.0,43.1,145.0,37.7,1874.0,11.6,82.0,3.0
2024-01-16T07:00,Delhi,132.2,191.9,35.0,196.0,50.8,1653.0,14.4,67.0,3.3
2024-01-16T08:00,Delhi,130.9,192.3,24.7,247.0,69.4,1382.0,16.3,60.0,3.3
2024-01-16T09:00,Delhi,119.2,177.4,23.9,270.0,83.8,1248.0,17.2,55.0,3.6
2024-01-16T10:00,Delhi,113.6,169.5,39.3,246.0,87.2,1310.0,17.5,53.0,4.7
2024-01-16T11:00,Delhi,114.3,170.4,64.1,193.0,86.3,1510.0,17.0,55.0,5.1
2024-01-16T12:00,Delhi,166.2,246.8,80.4,134.0,81.3,1770.0,13.2,74.0,8.1
2024-01-16T13:00,Delhi,194.2,285.9,94.5,102.0,92.5,2224.0,10.5,84.0,8.0
2024-01-16T14:00,Delhi,212.8,312.0,113.6,59.0,107.6,2842.0,9.1,87.0,10.3
2024-01-16T15:00,Delhi,218.9,320.4,125.8,27.0,117.2,3251.0,8.1,88.0,11.0
2024-01-16T16:00,Delhi,214.2,312.9,125.7,17.0,117.1,3268.0,7.3,90.0,10.6
2024-01-16T17:00,Delhi,209.5,305.5,118.8,19.0,111.4,3075.0,6.7,91.0,9.0
2024-01-16T18:00,Delhi,203.0,296.2,109.5,23.0,103.0,2844.0,6.4,92.0,7.4
2024-01-16T19:00,Delhi,191.9,279.4,98.6,26.0,91.0,2608.0,6.0,94.0,7.0
2024-01-16T20:00,Delhi,181.6,264.5,85.4,31.0,76.3,2335.0,5.7,95.0,6.9
2024-01-16T21:00,Delhi,171.8,249.6,72.4,36.0,64.3,2099.0,5.5,96.0,7.1
2024-01-16T22:00,Delhi,163.9,238.4,57.6,42.0,56.0,1891.0,5.1,96.0,7.1
2024-01-16T23:00,Delhi,158.8,231.0,42.9,48.0,50.5,1721.0,4.8,97.0,7.9
2024-01-17T00:00,Delhi,159.3,232.4,38.8,50.0,54.2,1734.0,4.4,97.0,8.6
2024-01-17T01:00,Delhi,161.6,235.6,55.1,42.0,65.4,2040.0,4.0,99.0,9.2
2024-01-17T02:00,Delhi,174.6,256.1,76.7,33.0,80.5,2442.0,4.1,100.0,8.1
2024-01-17T03:00,Delhi,190.5,277.5,86.0,43.0,89.0,2591.0,7.4,95.0,9.3
2024-01-17T04:00,Delhi,177.9,259.8,71.1,91.0,84.4,2250.0,10.9,85.0,6.6
2024-01-17T05:00,Delhi,163.9,242.1,44.0,158.0,73.2,1656.0,13.4,75.0,8.4
2024-01-17T06:00,Delhi,142.5,212.8,23.0,208.0,63.9,1172.0,15.0,66.0,8.4
2024-01-17T07:00,Delhi,118.7,177.4,13.5,226.0,59.3,912.0,16.3,60.0,8.2
2024-01-17T08:00,Delhi,104.8,156.5,10.1,227.0,56.7,761.0,17.2,56.0,7.7
2024-01-17T09:00,Delhi,95.0,141.1,15.3,214.0,56.2,739.0,17.7,55.0,7.0
2024-01-17T10:00,Delhi,89.4,132.7,34.3,181.0,56.5,851.0,17.8,56.0,6.4
2024-01-17T11:00,Delhi,93.4,137.8,61.8,135.0,58.8,1092.0,17.2,59.0,6.4
2024-01-17T12:00,Delhi,101.5,149.0,66.4,99.0,56.1,1223.0,13.9,77.0,6.9
2024-01-17T13:00,Delhi,122.5,178.8,80.0,74.0,72.4,1683.0,10.7,87.0,8.3
2024-01-17T14:00,Delhi,142.0,206.3,99.0,39.0,95.1,2318.0,9.5,90.0,8.9
2024-01-17T15:00,Delhi,156.9,226.8,114.2,12.0,113.3,2802.0,8.7,92.0,8.8
2024-01-17T16:00,Delhi,164.8,238.0,122.7,2.0,123.7,3003.0,7.9,94.0,10.7
2024-01-17T17:00,Delhi,170.0,245.9,127.5,0.0,129.5,3054.0,7.4,96.0,10.7
2024-01-17T18:00,Delhi,171.4,247.7,128.3,0.0,129.6,3023.0,7.0,97.0,10.1
2024-01-17T19:00,Delhi,166.7,241.2,124.1,1.0,121.0,2904.0,7.1,98.0,7.2
2024-01-17T20:00,Delhi,162.1,234.2,115.9,5.0,106.6,2704.0,6.9,99.0,6.9
2024-01-17T21:00,Delhi,156.9,227.2,106.9,8.0,93.9,2514.0,6.4,100.0,8.0
2024-01-17T22:00,Delhi,152.3,220.3,95.4,10.0,84.2,2316.0,6.7,100.0,5.8
2024-01-17T23:00,Delhi,147.6,213.7,83.1,13.0,76.3,2128.0,7.0,99.0,5.5
2024-01-18T00:00,Delhi,153.7,222.6,98.9,9.0,85.8,2328.0,6.8,100.0,5.7
2024-01-18T01:00,Delhi,163.0,236.1,111.2,4.0,96.5,2753.0,6.0,99.0,2.4
2024-01-18T02:00,Delhi,182.1,262.6,126.6,0.0,110.6,3305.0,6.1,99.0,1.0
2024-01-18T03:00,Delhi,204.9,295.2,127.9,19.0,116.3,3476.0,7.1,98.0,1.1
2024-01-18T04:00,Delhi,190.5,274.7,101.3,86.0,105.6,2899.0,8.3,94.0,1.5
2024-01-18T05:00,Delhi,169.0,244.0,60.4,177.0,86.6,1940.0,10.4,90.0,0.8
2024-01-18T06:00,Delhi,129.0,187.7,29.1,245.0,71.3,1187.0,12.7,86.0,1.1
2024-01-18T07:00,Delhi,104.5,152.7,15.3,271.0,63.9,861.0,15.4,75.0,2.2
2024-01-18T08:00,Delhi,92.9,136.0,11.1,273.0,60.3,742.0,17.2,66.0,4.5
2024-01-18T09:00,Delhi,87.3,127.6,16.2,263.0,60.0,754.0,17.4,65.0,3.6
2024-01-18T10:00,Delhi,83.8,122.5,33.6,241.0,62.4,869.0,17.5,64.0,3.3
2024-01-18T11:00,Delhi,85.7,124.8,60.3,207.0,68.1,1116.0,17.1,65.0,1.8
2024-01-18T12:00,Delhi,109.9,159.7,81.1,117.0,64.0,1328.0,16.4,68.0,2.3
2024-01-18T13:00,Delhi,142.5,206.3,97.8,89.0,85.7,1967.0,14.0,75.0,3.8
2024-01-18T14:00,Delhi,176.0,254.3,120.9,51.0,116.0,2858.0,13.0,79.0,2.5
2024-01-18T15:00,Delhi,203.0,292.4,138.0,22.0,142.3,3590.0,11.0,86.0,2.3
2024-01-18T16:00,Delhi,222.6,321.3,144.5,11.0,162.4,4033.0,11.4,86.0,2.1
2024-01-18T17:00,Delhi,238.0,342.7,145.2,9.0,178.4,4317.0,11.2,87.0,0.8
2024-01-18T18:00,Delhi,243.1,350.2,141.9,10.0,183.5,4426.0,11.1,87.0,2.6
2024-01-18T19:00,Delhi,235.2,339.0,133.8,11.0,171.7,4286.0,10.9,89.0,3.4
2024-01-18T20:00,Delhi,223.1,321.3,121.9,15.0,149.1,3971.0,10.5,91.0,2.2
2024-01-18T21:00,Delhi,210.0,302.7,110.7,18.0,127.1,3681.0,8.5,96.0,2.7
2024-01-18T22:00,Delhi,200.2,288.7,100.2,19.0,108.2,3479.0,6.3,100.0,3.9
2024-01-18T23:00,Delhi,192.8,278.5,90.5,21.0,90.0,3304.0,6.4,99.0,4.6
2024-01-19T00:00,Delhi,180.7,260.8,96.2,16.0,82.0,3093.0,6.5,100.0,6.0
2024-01-19T01:00,Delhi,162.5,234.7,99.0,13.0,79.3,3002.0,6.5,100.0,4.2
2024-01-19T02:00,Delhi,163.0,234.7,102.2,12.0,75.2,2869.0,6.7,100.0,5.4
2024-01-19T03:00,Delhi,167.6,241.2,99.9,34.0,70.5,2710.0,7.9,97.0,6.1
2024-01-19T04:00,Delhi,175.6,251.5,87.9,98.0,62.7,2540.0,9.0,93.0,3.6
2024-01-19T05:00,Delhi,171.8,246.8,70.5,184.0,54.2,2344.0,10.6,91.0,2.6
2024-01-19T06:00,Delhi,156.0,225.4,53.9,255.0,52.4,2097.0,13.0,84.0,1.8
2024-01-19T07:00,Delhi,134.1,195.6,37.0,300.0,63.3,1711.0,15.0,74.0,2.5
2024-01-19T08:00,Delhi,117.6,172.8,21.0,329.0,81.0,1274.0,16.1,70.0,4.2
2024-01-19T09:00,Delhi,105.7,155.5,16.3,336.0,95.3,1028.0,16.7,67.0,5.5
2024-01-19T10:00,Delhi,99.2,146.2,28.7,312.0,99.5,1063.0,16.8,65.0,5.4
2024-01-19T11:00,Delhi,99.0,145.8,52.5,266.0,100.3,1288.0,16.4,66.0,4.9
2024-01-19T12:00,Delhi,132.7,193.7,76.2,175.0,87.5,1417.0,13.6,82.0,7.4
2024-01-19T13:00,Delhi,171.8,249.6,91.2,139.0,100.0,1919.0,10.1,89.0,6.6
2024-01-19T14:00,Delhi,199.8,289.6,111.9,89.0,117.2,2613.0,8.7,93.0,7.6
2024-01-19T15:00,Delhi,212.3,307.3,126.5,51.0,131.1,3146.0,7.8,95.0,8.8
2024-01-19T16:00,Delhi,215.6,312.0,129.9,37.0,139.4,3373.0,7.3,96.0,8.8
2024-01-19T17:00,Delhi,224.4,324.1,127.3,34.0,144.2,3439.0,7.0,96.0,9.2
2024-01-19T18:00,Delhi,228.2,329.7,123.0,33.0,143.7,3425.0,6.7,97.0,8.4
2024-01-19T19:00,Delhi,220.7,319.4,117.9,31.0,135.1,3328.0,6.3,98.0,8.9
2024-01-19T20:00,Delhi,210.9,305.5,111.1,32.0,121.3,3151.0,5.7,99.0,10.3
2024-01-19T21:00,Delhi,201.6,292.4,104.3,31.0,108.8,2980.0,6.2,98.0,7.0
2024-01-19T22:00,Delhi,194.2,281.3,96.1,28.0,98.5,2806.0,6.3,97.0,7.6
2024-01-19T23:00,Delhi,190.0,274.7,87.9,23.0,89.6,2637.0,6.2,96.0,7.2
2024-01-20T00:00,Delhi,167.2,242.1,78.9,22.0,69.1,2270.0,5.1,98.0,8.0
2024-01-20T01:00,Delhi,156.9,227.2,78.5,19.0,69.4,2298.0,6.0,100.0,3.8
2024-01-20T02:00,Delhi,156.5,225.8,77.4,19.0,69.6,2327.0,6.2,99.0,4.3
2024-01-20T03:00,Delhi,157.9,227.2,73.4,38.0,67.9,2278.0,7.3,98.0,4.3
2024-01-20T04:00,Delhi,158.8,228.6,64.4,96.0,61.3,2101.0,8.6,97.0,2.9
2024-01-20T05:00,Delhi,156.5,225.8,52.4,175.0,52.7,1847.0,11.1,86.0,1.8
2024-01-20T06:00,Delhi,136.4,197.0,41.4,236.0,49.5,1591.0,13.4,74.0,1.6
2024-01-20T07:00,Delhi,108.5,158.3,30.0,268.0,56.7,1310.0,14.5,70.0,5.1
2024-01-20T08:00,Delhi,96.4,143.0,19.6,282.0,69.2,1028.0,15.3,67.0,5.1
2024-01-20T09:00,Delhi,92.2,137.8,17.6,280.0,78.8,889.0,15.9,65.0,3.6
2024-01-20T10:00,Delhi,90.6,136.4,29.1,257.0,80.4,959.0,16.1,63.0,4.6
2024-01-20T11:00,Delhi,91.5,137.8,49.1,218.0,79.0,1173.0,15.7,65.0,5.4
2024-01-20T12:00,Delhi,145.8,217.5,80.1,156.0,89.3,1547.0,13.1,81.0,6.6
2024-01-20T13:00,Delhi,178.8,264.5,89.6,127.0,95.1,1871.0,10.5,91.0,8.8
2024-01-20T14:00,Delhi,197.4,291.5,102.5,88.0,103.0,2314.0,9.9,92.0,8.0
2024-01-20T15:00,Delhi,195.1,287.8,110.2,58.0,108.5,2629.0,9.0,93.0,8.8
2024-01-20T16:00,Delhi,190.0,280.3,108.8,46.0,110.9,2704.0,8.0,95.0,9.3
2024-01-20T17:00,Delhi,193.7,285.0,102.2,44.0,111.0,2650.0,7.7,97.0,7.0
2024-01-20T18:00,Delhi,198.8,292.4,94.0,44.0,106.2,2547.0,6.4,99.0,9.1
2024-01-20T19:00,Delhi,191.9,282.2,85.2,44.0,93.5,2404.0,6.0,100.0,8.7
2024-01-20T20:00,Delhi,177.0,259.8,74.8,45.0,76.1,2212.0,5.7,100.0,8.2
2024-01-20T21:00,Delhi,163.0,238.4,63.6,48.0,60.7,2021.0,5.2,100.0,7.8
2024-01-20T22:00,Delhi,153.7,224.4,49.6,54.0,49.3,1821.0,5.4,100.0,5.9
2024-01-20T23:00,Delhi,146.7,214.7,34.7,61.0,40.1,1623.0,5.7,100.0,8.0
2024-01-21T00:00,Delhi,141.6,206.8,28.0,62.0,39.1,1539.0,5.7,99.0,9.8
2024-01-21T01:00,Delhi,136.9,199.8,31.2,57.0,37.8,1601.0,5.4,99.0,8.6
2024-01-21T02:00,Delhi,136.0,197.9,35.4,51.0,35.8,1679.0,5.4,99.0,9.7
2024-01-21T03:00,Delhi,133.2,194.2,36.3,56.0,33.1,1688.0,6.3,98.0,10.7
2024-01-21T04:00,Delhi,125.3,183.0,30.9,84.0,28.5,1568.0,7.4,97.0,12.0
2024-01-21T05:00,Delhi,117.3,171.8,22.3,123.0,23.1,1379.0,8.6,96.0,12.8
2024-01-21T06:00,Delhi,110.1,163.0,15.5,154.0,20.3,1208.0,11.3,82.0,14.1
2024-01-21T07:00,Delhi,104.3,155.5,11.8,172.0,22.1,1077.0,13.3,74.0,12.8
2024-01-21T08:00,Delhi,95.2,143.4,9.8,183.0,26.5,964.0,14.8,69.0,12.1
2024-01-21T09:00,Delhi,87.5,133.2,10.8,183.0,30.1,895.0,15.7,65.0,12.9
2024-01-21T10:00,Delhi,82.2,125.7,16.3,168.0,31.5,884.0,16.1,63.0,13.1
2024-01-21T11:00,Delhi,79.2,120.6,24.7,143.0,32.1,916.0,15.6,64.0,12.5
2024-01-21T12:00,Delhi,80.3,120.1,36.0,118.0,32.7,1014.0,13.5,74.0,9.0
2024-01-21T13:00,Delhi,89.4,133.2,43.3,100.0,36.1,1126.0,10.6,89.0,8.4
2024-01-21T14:00,Delhi,94.1,139.7,53.1,75.0,40.8,1279.0,9.9,91.0,8.5
2024-01-21T15:00,Delhi,95.7,141.6,58.2,57.0,43.5,1385.0,9.0,94.0,7.7
2024-01-21T16:00,Delhi,96.2,142.0,54.6,52.0,42.8,1400.0,7.8,96.0,7.1
2024-01-21T17:00,Delhi,98.3,144.8,46.4,55.0,40.2,1367.0,6.8,97.0,7.9
2024-01-21T18:00,Delhi,99.9,146.2,38.6,57.0,37.1,1335.0,5.9,99.0,8.6
2024-01-21T19:00,Delhi,99.2,144.4,32.6,57.0,33.6,1316.0,5.3,100.0,8.7
2024-01-21T20:00,Delhi,99.9,144.8,26.9,57.0,29.8,1297.0,5.0,100.0,6.8
2024-01-21T21:00,Delhi,100.6,145.3,22.6,57.0,26.9,1284.0,5.5,100.0,4.0
2024-01-21T22:00,Delhi,100.8,145.8,19.5,57.0,25.4,1266.0,5.3,100.0,4.9
2024-01-21T23:00,Delhi,101.0,145.8,17.8,57.0,24.8,1253.0,5.5,100.0,4.0
2024-01-22T00:00,Delhi,117.8,171.4,14.9,72.0,24.5,1315.0,5.4,97.0,4.2
2024-01-22T01:00,Delhi,121.1,177.0,17.4,72.0,25.6,1353.0,5.6,97.0,2.7
2024-01-22T02:00,Delhi,124.3,181.1,20.8,74.0,27.1,1404.0,6.1,93.0,2.5
2024-01-22T03:00,Delhi,125.7,183.5,23.0,81.0,29.0,1435.0,6.8,91.0,3.2
2024-01-22T04:00,Delhi,126.2,184.4,23.1,96.0,31.2,1428.0,7.6,93.0,1.0
2024-01-22T05:00,Delhi,129.0,187.7,22.1,117.0,33.7,1400.0,8.6,94.0,0.8
2024-01-22T06:00,Delhi,124.3,183.0,20.9,142.0,36.2,1368.0,11.4,82.0,0.8
2024-01-22T07:00,Delhi,123.4,182.1,17.5,178.0,38.4,1310.0,13.8,71.0,0.7
2024-01-22T08:00,Delhi,120.6,177.9,14.1,217.0,40.5,1248.0,15.4,62.0,1.3
2024-01-22T09:00,Delhi,114.3,169.0,17.6,235.0,43.3,1258.0,16.4,58.0,2.2
2024-01-22T10:00,Delhi,107.8,159.3,33.9,216.0,46.9,1372.0,16.9,56.0,2.2
2024-01-22T11:00,Delhi,104.1,153.7,57.2,175.0,51.2,1559.0,16.6,57.0,2.2
2024-01-22T12:00,Delhi,128.5,188.6,57.6,140.0,50.3,1678.0,15.8,61.0,2.1
2024-01-22T13:00,Delhi,154.1,225.8,67.5,112.0,53.8,1920.0,11.0,86.0,7.2
2024-01-22T14:00,Delhi,166.7,244.0,81.0,72.0,58.7,2254.0,9.9,89.0,7.2
2024-01-22T15:00,Delhi,169.0,246.8,89.5,43.0,62.3,2496.0,8.3,92.0,9.7
2024-01-22T16:00,Delhi,169.0,246.8,88.5,34.0,63.5,2562.0,7.3,94.0,10.6
2024-01-22T17:00,Delhi,170.0,247.7,82.5,34.0,63.4,2536.0,6.7,96.0,9.8
2024-01-22T18:00,Delhi,172.3,251.5,76.9,36.0,62.7,2496.0,6.2,97.0,8.5
2024-01-22T19:00,Delhi,172.8,252.4,74.2,34.0,61.5,2470.0,5.8,98.0,8.0
2024-01-22T20:00,Delhi,174.6,255.2,71.9,34.0,59.6,2429.0,5.7,99.0,7.1
2024-01-22T21:00,Delhi,173.7,255.2,68.0,36.0,57.3,2360.0,5.5,99.0,7.5
2024-01-22T22:00,Delhi,173.2,255.2,59.9,46.0,54.2,2220.0,5.3,99.0,8.0
2024-01-22T23:00,Delhi,168.6,248.7,50.2,58.0,50.7,2053.0,5.0,99.0,8.9
2024-01-23T00:00,Delhi,150.9,222.1,24.6,72.0,32.2,1740.0,4.9,100.0,8.2
2024-01-23T01:00,Delhi,150.4,222.1,31.2,57.0,36.6,1890.0,5.0,100.0,6.1
2024-01-23T02:00,Delhi,153.2,224.9,40.1,38.0,42.7,2093.0,5.9,99.0,5.4
2024-01-23T03:00,Delhi,157.4,229.1,46.0,37.0,47.1,2213.0,6.8,99.0,6.6
2024-01-23T04:00,Delhi,156.9,229.1,46.7,67.0,47.6,2190.0,8.5,97.0,5.0
2024-01-23T05:00,Delhi,159.7,232.4,44.3,116.0,46.4,2085.0,10.7,89.0,2.1
2024-01-23T06:00,Delhi,158.8,231.0,39.8,163.0,46.5,1937.0,13.2,82.0,2.8
2024-01-23T07:00,Delhi,149.5,218.4,29.9,212.0,49.5,1707.0,15.0,77.0,4.8
2024-01-23T08:00,Delhi,137.8,202.6,17.9,260.0,53.8,1434.0,16.2,72.0,6.6
2024-01-23T09:00,Delhi,125.3,184.9,14.8,280.0,57.2,1286.0,17.0,68.0,5.5
2024-01-23T10:00,Delhi,115.9,171.4,27.6,254.0,57.7,1328.0,17.3,66.0,4.6
2024-01-23T11:00,Delhi,114.3,169.0,49.2,202.0,57.4,1494.0,17.1,66.0,3.9
2024-01-23T12:00,Delhi,134.6,198.8,67.8,135.0,60.0,1632.0,16.3,70.0,4.0
2024-01-23T13:00,Delhi,163.4,240.3,84.6,103.0,72.6,2071.0,12.9,87.0,6.0
2024-01-23T14:00,Delhi,180.2,264.5,107.1,58.0,89.3,2667.0,13.2,84.0,4.9
2024-01-23T15:00,Delhi,186.3,272.9,119.7,26.0,98.1,3041.0,12.6,86.0,4.7
2024-01-23T16:00,Delhi,181.6,266.4,113.3,18.0,91.5,2980.0,11.6,89.0,6.2
2024-01-23T17:00,Delhi,173.2,254.3,96.9,21.0,76.9,2697.0,10.4,93.0,6.9
2024-01-23T18:00,Delhi,163.9,241.2,82.2,24.0,64.0,2449.0,9.0,96.0,8.0
2024-01-23T19:00,Delhi,155.1,228.2,73.3,22.0,56.6,2336.0,9.3,95.0,8.3
2024-01-23T20:00,Delhi,149.9,220.7,66.0,19.0,51.0,2257.0,10.1,92.0,5.5
2024-01-23T21:00,Delhi,145.8,214.2,59.1,18.0,45.8,2169.0,10.3,90.0,4.7
2024-01-23T22:00,Delhi,137.8,202.1,50.7,21.0,39.8,2019.0,8.5,97.0,6.1
2024-01-23T23:00,Delhi,127.6,186.3,42.6,27.0,34.3,1859.0,7.5,99.0,6.7
2024-01-24T00:00,Delhi,117.3,170.0,29.7,33.0,24.5,1653.0,6.5,100.0,7.1
2024-01-24T01:00,Delhi,114.8,166.2,35.2,29.0,28.2,1811.0,6.5,100.0,6.2
2024-01-24T02:00,Delhi,118.5,171.4,42.4,26.0,33.2,2018.0,6.4,100.0,6.9
2024-01-24T03:00,Delhi,122.9,177.4,45.2,36.0,36.4,2103.0,8.5,97.0,6.8
2024-01-24T04:00,Delhi,122.5,176.5,39.2,71.0,36.1,1965.0,10.3,93.0,4.8
2024-01-24T05:00,Delhi,118.5,172.3,28.8,119.0,34.0,1705.0,12.6,84.0,5.4
2024-01-24T06:00,Delhi,103.6,152.3,20.4,157.0,32.4,1447.0,14.6,74.0,5.6
2024-01-24T07:00,Delhi,84.5,125.7,15.3,178.0,32.0,1195.0,16.4,62.0,5.9
2024-01-24T08:00,Delhi,73.6,110.4,12.2,188.0,32.1,945.0,17.5,54.0,5.9
2024-01-24T09:00,Delhi,70.5,106.2,14.0,186.0,32.2,812.0,18.1,52.0,5.9
2024-01-24T10:00,Delhi,69.6,105.0,24.0,164.0,31.8,862.0,18.2,53.0,6.7
2024-01-24T11:00,Delhi,70.5,106.4,38.8,129.0,31.5,1029.0,17.7,56.0,7.6
2024-01-24T12:00,Delhi,99.9,148.5,60.9,85.0,37.4,1369.0,15.1,72.0,6.2
2024-01-24T13:00,Delhi,115.9,171.4,63.5,72.0,40.9,1561.0,11.4,85.0,8.3
2024-01-24T14:00,Delhi,122.9,180.7,66.9,53.0,45.7,1826.0,10.8,88.0,7.1
2024-01-24T15:00,Delhi,126.7,185.8,68.2,39.0,48.8,2033.0,9.9,91.0,7.3
2024-01-24T16:00,Delhi,129.9,190.0,65.9,33.0,49.1,2131.0,9.3,93.0,7.3
2024-01-24T17:00,Delhi,135.5,197.9,61.5,30.0,47.6,2171.0,8.5,95.0,6.9
2024-01-24T18:00,Delhi,136.9,199.8,56.9,29.0,44.9,2172.0,7.4,98.0,8.3
2024-01-24T19:00,Delhi,132.2,191.9,52.3,28.0,40.2,2126.0,6.5,99.0,9.4
2024-01-24T20:00,Delhi,127.6,184.9,47.4,28.0,34.1,2041.0,6.4,100.0,8.6
2024-01-24T21:00,Delhi,124.3,180.2,43.1,28.0,29.7,1967.0,6.1,100.0,6.9
2024-01-24T22:00,Delhi,122.5,177.0,38.5,27.0,27.6,1896.0,5.6,100.0,5.4
2024-01-24T23:00,Delhi,119.0,171.8,34.5,26.0,27.1,1836.0,6.2,100.0,5.8
2024-01-25T00:00,Delhi,115.5,165.8,19.3,38.0,14.1,1632.0,6.1,100.0,6.8
2024-01-25T01:00,Delhi,115.5,166.2,22.6,36.0,16.3,1678.0,6.1,100.0,5.8
2024-01-25T02:00,Delhi,118.3,170.0,27.2,34.0,19.4,1740.0,6.1,99.0,5.6
2024-01-25T03:00,Delhi,122.0,175.6,30.2,43.0,22.5,1777.0,6.5,98.0,4.4
2024-01-25T04:00,Delhi,124.8,180.2,30.6,73.0,25.3,1790.0,7.5,94.0,4.2
2024-01-25T05:00,Delhi,129.5,187.2,29.6,114.0,28.3,1777.0,10.4,88.0,1.8
2024-01-25T06:00,Delhi,130.9,190.0,27.7,148.0,31.4,1699.0,13.4,77.0,1.4
2024-01-25T07:00,Delhi,123.9,181.1,22.8,173.0,35.1,1479.0,15.5,69.0,1.3
2024-01-25T08:00,Delhi,106.6,159.7,17.0,191.0,39.1,1193.0,16.5,65.0,1.1
2024-01-25T09:00,Delhi,90.6,139.7,17.9,193.0,42.5,1024.0,17.2,63.0,2.0
2024-01-25T10:00,Delhi,81.3,128.5,31.0,167.0,43.7,1038.0,17.5,62.0,4.7
2024-01-25T11:00,Delhi,79.2,125.3,50.7,124.0,44.3,1168.0,16.9,65.0,7.7
2024-01-25T12:00,Delhi,115.9,177.0,71.7,97.0,60.9,1544.0,15.5,72.0,5.6
2024-01-25T13:00,Delhi,138.3,209.1,77.4,78.0,65.9,1812.0,11.9,89.0,6.4
2024-01-25T14:00,Delhi,147.6,219.8,85.0,51.0,72.6,2183.0,10.9,92.0,7.1
2024-01-25T15:00,Delhi,149.9,221.2,89.3,30.0,77.3,2463.0,10.4,93.0,7.2
2024-01-25T16:00,Delhi,152.3,223.1,87.2,21.0,78.3,2567.0,9.3,95.0,8.7
2024-01-25T17:00,Delhi,156.0,227.2,81.8,19.0,77.2,2580.0,8.0,96.0,10.4
2024-01-25T18:00,Delhi,156.9,228.6,76.6,17.0,74.7,2568.0,8.5,94.0,7.3
2024-01-25T19:00,Delhi,153.7,223.5,73.0,15.0,70.0,2540.0,8.2,94.0,6.6
2024-01-25T20:00,Delhi,151.8,220.7,69.6,14.0,63.9,2487.0,8.1,94.0,6.0
2024-01-25T21:00,Delhi,149.5,217.5,66.6,13.0,59.0,2442.0,7.6,94.0,6.2
2024-01-25T22:00,Delhi,147.6,214.7,62.7,11.0,56.0,2404.0,7.9,90.0,6.4
2024-01-25T23:00,Delhi,146.7,213.7,59.2,9.0,54.2,2376.0,7.4,91.0,6.1
2024-01-26T00:00,Delhi,145.8,214.2,65.4,10.0,57.9,2222.0,6.5,97.0,4.8
2024-01-26T01:00,Delhi,147.1,217.0,79.0,8.0,65.3,2517.0,6.5,97.0,6.1
2024-01-26T02:00,Delhi,158.8,233.8,96.7,9.0,75.4,2902.0,6.0,99.0,5.2
2024-01-26T03:00,Delhi,170.9,252.4,101.4,31.0,82.6,3032.0,7.8,99.0,5.1
2024-01-26T04:00,Delhi,170.4,250.5,80.7,96.0,84.9,2671.0,9.9,95.0,2.3
2024-01-26T05:00,Delhi,158.3,238.0,47.1,183.0,84.4,2055.0,12.3,88.0,1.8
2024-01-26T06:00,Delhi,143.0,217.5,21.4,248.0,81.2,1546.0,14.9,79.0,2.5
2024-01-26T07:00,Delhi,125.3,189.5,10.8,275.0,73.8,1262.0,16.5,71.0,3.1
2024-01-26T08:00,Delhi,107.1,162.1,8.0,280.0,63.8,1084.0,17.6,65.0,3.6
2024-01-26T09:00,Delhi,94.8,143.0,12.4,267.0,56.4,1020.0,18.3,61.0,4.5
2024-01-26T10:00,Delhi,86.6,130.9,26.3,231.0,52.4,1077.0,18.5,58.0,5.2
2024-01-26T11:00,Delhi,84.5,127.1,47.3,178.0,50.9,1247.0,18.0,57.0,4.8
2024-01-26T12:00,Delhi,123.9,183.5,76.3,195.0,71.8,1711.0,15.2,74.0,6.3
2024-01-26T13:00,Delhi,154.6,227.7,99.6,149.0,85.6,2190.0,15.8,66.0,5.9
2024-01-26T14:00,Delhi,182.5,267.3,131.0,85.0,104.5,2843.0,13.0,79.0,6.9
2024-01-26T15:00,Delhi,193.7,283.1,149.9,38.0,116.8,3288.0,10.6,90.0,9.2
2024-01-26T16:00,Delhi,189.5,277.5,145.8,22.0,118.4,3359.0,10.5,91.0,8.1
2024-01-26T17:00,Delhi,181.6,265.4,129.2,23.0,113.4,3221.0,9.4,92.0,11.3
2024-01-26T18:00,Delhi,169.0,247.7,110.4,27.0,102.9,2983.0,8.7,92.0,10.5
2024-01-26T19:00,Delhi,147.6,217.0,91.1,31.0,83.4,2619.0,7.9,93.0,10.2
2024-01-26T20:00,Delhi,124.8,183.5,69.6,39.0,58.4,2156.0,7.2,94.0,9.9
2024-01-26T21:00,Delhi,107.6,158.8,51.6,45.0,38.8,1782.0,7.3,94.0,6.2
2024-01-26T22:00,Delhi,96.6,143.0,38.4,48.0,29.3,1568.0,7.5,94.0,7.6
2024-01-26T23:00,Delhi,87.5,129.5,28.6,51.0,25.2,1443.0,7.2,94.0,9.4
2024-01-27T00:00,Delhi,70.8,104.5,17.2,61.0,20.1,1215.0,7.1,95.0,10.1
2024-01-27T01:00,Delhi,67.1,99.0,23.1,58.0,21.9,1302.0,6.9,94.0,11.7
2024-01-27T02:00,Delhi,69.2,101.7,31.0,56.0,24.3,1418.0,7.1,93.0,13.1
2024-01-27T03:00,Delhi,71.7,105.5,34.6,64.0,25.7,1463.0,9.0,87.0,15.2
2024-01-27T04:00,Delhi,72.9,106.9,29.7,92.0,25.1,1384.0,11.9,80.0,12.6
2024-01-27T05:00,Delhi,68.0,100.8,20.6,130.0,23.4,1236.0,14.9,71.0,13.7
2024-01-27T06:00,Delhi,61.7,92.9,13.2,158.0,21.9,1085.0,17.5,60.0,15.0
2024-01-27T07:00,Delhi,54.0,83.4,9.4,167.0,20.7,930.0,19.2,53.0,16.1
2024-01-27T08:00,Delhi,48.3,75.7,7.4,165.0,19.6,772.0,20.2,48.0,16.4
2024-01-27T09:00,Delhi,44.9,71.2,8.2,158.0,19.3,677.0,20.6,46.0,16.8
2024-01-27T10:00,Delhi,44.2,70.1,12.8,147.0,19.9,679.0,20.4,47.0,16.1
2024-01-27T11:00,Delhi,46.4,71.7,20.2,130.0,21.4,745.0,19.6,52.0,13.7
2024-01-27T12:00,Delhi,46.8,70.3,35.0,97.0,24.7,893.0,17.2,63.0,9.6
2024-01-27T13:00,Delhi,55.3,82.7,42.9,82.0,30.6,1050.0,14.2,72.0,8.2
2024-01-27T14:00,Delhi,62.9,93.6,53.9,61.0,38.9,1270.0,13.3,76.0,8.5
2024-01-27T15:00,Delhi,69.6,104.1,61.9,44.0,46.1,1455.0,11.9,82.0,10.0
2024-01-27T16:00,Delhi,75.7,113.9,64.5,37.0,51.6,1574.0,11.1,84.0,10.7
2024-01-27T17:00,Delhi,82.9,125.3,64.2,35.0,56.1,1659.0,10.5,85.0,11.5
2024-01-27T18:00,Delhi,87.5,132.7,62.5,33.0,57.6,1704.0,10.5,83.0,10.9
2024-01-27T19:00,Delhi,86.6,131.8,59.2,30.0,54.2,1693.0,11.3,79.0,7.5
2024-01-27T20:00,Delhi,85.4,130.4,54.4,27.0,47.9,1643.0,8.9,88.0,8.3
2024-01-27T21:00,Delhi,84.5,129.0,50.2,25.0,43.1,1600.0,8.9,88.0,6.5
2024-01-27T22:00,Delhi,83.4,127.1,45.3,23.0,40.6,1533.0,8.7,88.0,4.9
2024-01-27T23:00,Delhi,82.7,125.3,40.9,21.0,39.7,1472.0,8.3,89.0,5.8
2024-01-28T00:00,Delhi,93.4,142.5,51.6,17.0,50.2,1738.0,7.0,93.0,7.2
2024-01-28T01:00,Delhi,97.6,148.5,72.4,11.0,63.7,2186.0,10.1,87.0,2.3
2024-01-28T02:00,Delhi,115.3,173.7,99.9,5.0,81.8,2779.0,10.2,86.0,1.3
2024-01-28T03:00,Delhi,141.6,210.9,111.9,18.0,91.9,3039.0,11.2,84.0,1.1
2024-01-28T04:00,Delhi,122.5,181.6,93.2,68.0,85.8,2643.0,14.2,79.0,1.8
2024-01-28T05:00,Delhi,101.7,151.8,59.0,137.0,71.7,1913.0,16.5,71.0,5.4
2024-01-28T06:00,Delhi,92.0,138.8,32.7,190.0,61.6,1339.0,18.2,65.0,8.1
2024-01-28T07:00,Delhi,87.5,133.6,23.3,216.0,61.1,1108.0,19.3,60.0,8.6
2024-01-28T08:00,Delhi,85.9,132.2,21.8,227.0,64.5,1032.0,20.1,56.0,8.7
2024-01-28T09:00,Delhi,85.4,130.9,25.2,223.0,66.8,1035.0,20.3,56.0,9.8
2024-01-28T10:00,Delhi,85.9,130.9,35.3,197.0,65.8,1128.0,20.1,58.0,10.6
2024-01-28T11:00,Delhi,87.5,131.3,50.2,155.0,63.8,1300.0,19.3,63.0,10.7
2024-01-28T12:00,Delhi,88.9,131.3,50.6,119.0,58.1,1267.0,17.7,71.0,8.9
2024-01-28T13:00,Delhi,93.1,137.4,52.4,101.0,56.4,1316.0,15.0,82.0,11.3
2024-01-28T14:00,Delhi,92.7,136.4,54.6,75.0,54.0,1380.0,14.2,87.0,13.0
2024-01-28T15:00,Delhi,89.9,132.7,54.2,57.0,51.2,1410.0,13.7,89.0,13.8
2024-01-28T16:00,Delhi,88.2,130.4,49.3,53.0,48.4,1379.0,13.2,92.0,13.3
2024-01-28T17:00,Delhi,87.5,129.0,41.8,56.0,45.2,1313.0,12.8,93.0,12.8
2024-01-28T18:00,Delhi,84.8,125.3,34.4,60.0,41.6,1238.0,12.4,94.0,12.3
2024-01-28T19:00,Delhi,80.1,118.5,27.5,63.0,36.9,1153.0,12.1,95.0,12.2
2024-01-28T20:00,Delhi,76.4,113.4,20.8,67.0,31.6,1058.0,11.7,95.0,11.2
2024-01-28T21:00,Delhi,73.3,109.0,15.9,69.0,27.9,984.0,11.2,96.0,10.3
2024-01-28T22:00,Delhi,71.2,105.7,12.8,68.0,26.1,928.0,10.9,97.0,11.0
2024-01-28T23:00,Delhi,69.8,103.1,11.6,65.0,25.8,892.0,10.7,97.0,11.1
2024-01-29T00:00,Delhi,69.6,102.4,13.3,61.0,27.3,899.0,10.6,98.0,11.1
2024-01-29T01:00,Delhi,71.7,105.7,21.5,50.0,31.5,1040.0,9.7,96.0,9.2
2024-01-29T02:00,Delhi,79.2,115.9,32.6,38.0,37.4,1231.0,9.5,97.0,8.0
2024-01-29T03:00,Delhi,87.8,128.1,38.9,42.0,42.9,1345.0,10.9,94.0,9.4
2024-01-29T04:00,Delhi,92.0,135.5,35.8,78.0,47.5,1317.0,13.3,87.0,8.2
2024-01-29T05:00,Delhi,95.9,142.0,27.8,130.0,51.7,1212.0,15.8,80.0,8.7
2024-01-29T06:00,Delhi,98.7,147.1,21.2,175.0,54.6,1105.0,18.0,73.0,8.5
2024-01-29T07:00,Delhi,95.7,143.4,15.8,207.0,54.7,984.0,19.6,68.0,7.0
2024-01-29T08:00,Delhi,92.0,138.3,11.7,232.0,53.5,861.0,20.6,65.0,5.9
2024-01-29T09:00,Delhi,89.6,135.0,15.5,240.0,54.1,837.0,21.1,62.0,4.8
2024-01-29T10:00,Delhi,87.5,131.8,32.3,223.0,56.7,937.0,21.3,61.0,3.6
2024-01-29T11:00,Delhi,88.0,132.7,57.0,190.0,61.1,1137.0,20.9,63.0,3.2
2024-01-29T12:00,Delhi,130.9,195.1,80.8,162.0,73.3,1561.0,19.1,75.0,4.5
2024-01-29T13:00,Delhi,155.1,229.6,97.8,128.0,85.5,2029.0,17.8,76.0,5.9
2024-01-29T14:00,Delhi,176.5,259.8,120.6,81.0,101.7,2665.0,14.4,90.0,9.4
2024-01-29T15:00,Delhi,190.9,280.3,132.8,47.0,110.5,3080.0,13.7,92.0,8.4
2024-01-29T16:00,Delhi,192.3,282.2,125.6,37.0,105.7,3086.0,12.8,95.0,9.4
2024-01-29T17:00,Delhi,183.9,269.2,107.9,40.0,93.4,2871.0,12.1,96.0,10.0
2024-01-29T18:00,Delhi,167.6,244.9,90.0,43.0,79.9,2606.0,11.8,97.0,8.2
2024-01-29T19:00,Delhi,149.0,216.5,74.3,44.0,65.7,2306.0,11.3,98.0,8.2
2024-01-29T20:00,Delhi,135.5,197.0,58.5,47.0,50.3,1956.0,10.7,99.0,9.2
2024-01-29T21:00,Delhi,125.7,183.0,45.6,48.0,38.5,1683.0,10.4,100.0,7.1
2024-01-29T22:00,Delhi,118.7,173.2,36.8,47.0,32.6,1532.0,10.3,100.0,5.1
2024-01-29T23:00,Delhi,113.6,166.2,30.9,44.0,30.3,1457.0,10.6,99.0,4.7
2024-01-30T00:00,Delhi,138.8,203.5,44.9,29.0,41.4,1866.0,10.6,100.0,5.9
2024-01-30T01:00,Delhi,135.5,198.8,45.5,24.0,41.7,1914.0,10.1,100.0,6.2
2024-01-30T02:00,Delhi,136.0,198.4,46.1,19.0,42.1,1974.0,10.0,99.0,7.2
2024-01-30T03:00,Delhi,138.8,201.6,44.7,29.0,41.6,1968.0,10.8,97.0,7.0
2024-01-30T04:00,Delhi,139.2,202.1,40.0,67.0,39.3,1855.0,12.1,97.0,6.2
2024-01-30T05:00,Delhi,136.4,199.3,33.4,119.0,36.2,1676.0,13.5,97.0,6.9
2024-01-30T06:00,Delhi,130.9,191.9,27.0,163.0,34.3,1481.0,16.9,81.0,6.7
2024-01-30T07:00,Delhi,116.4,173.2,18.9,192.0,34.3,1238.0,18.4,76.0,5.0
2024-01-30T08:00,Delhi,103.4,156.5,11.1,213.0,35.4,979.0,19.5,71.0,3.9
2024-01-30T09:00,Delhi,94.5,147.1,11.2,217.0,37.3,846.0,20.3,65.0,3.5
2024-01-30T10:00,Delhi,87.8,140.2,23.8,197.0,38.1,877.0,20.5,61.0,2.8
2024-01-30T11:00,Delhi,86.8,139.7,44.4,160.0,39.6,1035.0,20.2,60.0,3.4
2024-01-30T12:00,Delhi,152.7,238.4,77.4,128.0,57.4,1457.0,17.7,79.0,6.4
2024-01-30T13:00,Delhi,181.1,280.3,100.9,98.0,75.0,2002.0,14.9,88.0,8.4
2024-01-30T14:00,Delhi,207.7,317.6,133.2,56.0,99.7,2761.0,13.6,92.0,9.4
2024-01-30T15:00,Delhi,228.6,348.3,156.9,24.0,121.2,3382.0,13.4,94.0,8.4
2024-01-30T16:00,Delhi,242.1,367.9,164.8,13.0,137.9,3749.0,12.5,97.0,8.2
2024-01-30T17:00,Delhi,252.4,382.8,164.2,12.0,151.4,3977.0,11.8,98.0,8.1
2024-01-30T18:00,Delhi,256.1,388.4,159.2,12.0,155.6,4061.0,11.6,99.0,8.1
2024-01-30T19:00,Delhi,249.6,378.1,149.5,11.0,145.0,3969.0,11.4,99.0,8.5
2024-01-30T20:00,Delhi,236.6,359.5,135.4,11.0,125.1,3732.0,10.5,100.0,9.4
2024-01-30T21:00,Delhi,219.3,334.3,122.1,13.0,106.6,3443.0,9.9,100.0,8.7
2024-01-30T22:00,Delhi,199.3,303.6,110.3,17.0,91.9,3067.0,10.1,100.0,7.1
2024-01-30T23:00,Delhi,183.9,280.3,99.3,22.0,78.6,2637.0,10.8,99.0,5.2
