Timestamp,City,Temperature,Humidity,Pressure,Wind_Speed,AQI,PM2.5,PM10,CO,NO2,SO2,O3,NH3,Hour,Day,Month,Weekday,AQI_Change,AQI_Moving_Average_3H,AQI_Lag_1,AQI_Lag_2,AQI_Lag_3
2024-01-01 03:00:00+00:00,Karachi,15.2,66,1018.4,3.62,5,271.94,323.95,2723.69,69.23,28.85,46.49,33.44,3,1,1,0,0.0,5.0,5.0,5.0,5.0
2024-01-01 04:00:00+00:00,Karachi,17.6,57,1019.0,3.32,5,298.78,360.56,3417.97,93.22,33.38,28.97,40.02,4,1,1,0,0.0,5.0,5.0,5.0,5.0
2024-01-01 05:00:00+00:00,Karachi,20.6,48,1019.3,4.03,5,298.66,364.62,3417.97,85.68,35.76,42.2,40.02,5,1,1,0,0.0,5.0,5.0,5.0,5.0
2024-01-01 06:00:00+00:00,Karachi,23.3,39,1018.6,4.17,5,285.57,350.37,2937.32,67.86,38.15,75.82,34.96,6,1,1,0,0.0,5.0,5.0,5.0,5.0
2024-01-01 07:00:00+00:00,Karachi,25.1,31,1017.4,3.89,5,221.74,275.84,1842.5,39.41,35.76,124.45,18.75,7,1,1,0,0.0,5.0,5.0,5.0,5.0
2024-01-01 08:00:00+00:00,Karachi,26.2,26,1015.9,3.58,5,197.2,247.12,1588.82,33.24,35.29,141.62,15.2,8,1,1,0,0.0,5.0,5.0,5.0,5.0
2024-01-01 09:00:00+00:00,Karachi,26.9,25,1015.0,3.11,5,192.15,241.37,1575.47,34.27,36.72,147.34,14.57,9,1,1,0,0.0,5.0,5.0,5.0,5.0
2024-01-01 10:00:00+00:00,Karachi,27.0,25,1014.5,1.78,5,234.4,292.47,2536.77,72.66,43.39,121.59,27.36,10,1,1,0,0.0,5.0,5.0,5.0,5.0
2024-01-01 11:00:00+00:00,Karachi,26.4,26,1014.2,0.67,5,300.16,372.69,4058.84,138.46,55.79,72.96,48.13,11,1,1,0,0.0,5.0,5.0,5.0,5.0
2024-01-01 12:00:00+00:00,Karachi,24.6,45,1014.5,3.98,5,333.92,417.44,4913.33,191.93,63.9,28.97,58.77,12,1,1,0,0.0,5.0,5.0,5.0,5.0
2024-01-01 13:00:00+00:00,Karachi,23.7,39,1015.4,1.63,5,346.37,437.44,5500.79,219.35,68.66,2.19,62.82,13,1,1,0,0.0,5.0,5.0,5.0,5.0
2024-01-01 14:00:00+00:00,Karachi,21.9,54,1016.2,0.85,5,378.47,476.61,6515.5,222.09,73.43,0.0,74.98,14,1,1,0,0.0,5.0,5.0,5.0,5.0
2024-01-01 15:00:00+00:00,Karachi,20.7,57,1016.8,1.3,5,441.24,550.85,7690.43,222.09,80.11,0.0,97.27,15,1,1,0,0.0,5.0,5.0,5.0,5.0
2024-01-01 16:00:00+00:00,Karachi,19.9,53,1017.4,2.14,5,529.14,654.08,8972.17,213.86,88.69,0.0,127.67,16,1,1,0,0.0,5.0,5.0,5.0,5.0
2024-01-01 17:00:00+00:00,Karachi,19.0,53,1017.5,2.3,5,612.08,743.89,10040.28,197.41,91.55,0.0,149.97,17,1,1,0,0.0,5.0,5.0,5.0,5.0
2024-01-01 18:00:00+00:00,Karachi,18.1,57,1017.3,2.62,5,562.69,681.81,8544.92,153.54,75.34,0.0,127.67,18,1,1,0,0.0,5.0,5.0,5.0,5.0
2024-01-01 19:00:00+00:00,Karachi,17.2,61,1017.1,2.77,5,413.37,504.28,5500.79,106.93,51.5,0.01,79.04,19,1,1,0,0.0,5.0,5.0,5.0,5.0
2024-01-01 20:00:00+00:00,Karachi,16.5,65,1017.0,2.77,5,331.22,401.86,4005.43,83.63,35.76,1.41,50.16,20,1,1,0,0.0,5.0,5.0,5.0,5.0
2024-01-01 21:00:00+00:00,Karachi,15.9,68,1016.6,2.92,5,274.87,329.22,2857.21,58.26,25.99,26.46,32.42,21,1,1,0,0.0,5.0,5.0,5.0,5.0
2024-01-01 22:00:00+00:00,Karachi,15.6,70,1016.0,3.26,5,257.11,304.0,2269.74,38.04,21.7,55.07,25.33,22,1,1,0,0.0,5.0,5.0,5.0,5.0
2024-01-01 23:00:00+00:00,Karachi,15.2,71,1015.7,3.48,5,252.74,297.31,2002.72,30.85,20.03,66.52,22.04,23,1,1,0,0.0,5.0,5.0,5.0,5.0
2024-01-02 00:00:00+00:00,Karachi,15.1,72,1015.6,3.44,5,251.38,294.79,1922.61,28.79,19.31,70.1,20.52,0,2,1,1,0.0,5.0,5.0,5.0,5.0
2024-01-02 01:00:00+00:00,Karachi,14.8,73,1015.9,3.11,5,249.82,292.29,1895.9,30.85,19.31,69.38,19.76,1,2,1,1,0.0,5.0,5.0,5.0,5.0
2024-01-02 02:00:00+00:00,Karachi,14.4,76,1016.7,2.8,5,271.15,317.58,2296.45,46.61,22.65,58.65,24.57,2,2,1,1,0.0,5.0,5.0,5.0,5.0
2024-01-02 03:00:00+00:00,Karachi,15.2,72,1017.3,2.62,5,336.95,398.27,3631.59,95.96,30.52,22.35,39.52,3,2,1,1,0.0,5.0,5.0,5.0,5.0
2024-01-02 04:00:00+00:00,Karachi,17.2,63,1017.8,2.67,5,385.19,470.26,4966.74,122.01,36.24,5.45,52.18,4,2,1,1,0.0,5.0,5.0,5.0,5.0
2024-01-02 05:00:00+00:00,Karachi,19.5,54,1018.0,2.42,5,401.5,504.96,5554.2,122.01,40.53,11.18,62.32,5,2,1,1,0.0,5.0,5.0,5.0,5.0
2024-01-02 06:00:00+00:00,Karachi,22.2,45,1017.4,2.35,5,406.94,514.36,5500.79,124.75,45.3,22.89,65.86,6,2,1,1,0.0,5.0,5.0,5.0,5.0
2024-01-02 07:00:00+00:00,Karachi,23.8,46,1016.3,1.8,5,299.24,378.55,3311.16,90.48,52.45,70.81,36.98,7,2,1,1,0.0,5.0,5.0,5.0,5.0
2024-01-02 08:00:00+00:00,Karachi,24.7,50,1015.1,0.5,5,273.95,348.26,2777.1,77.46,57.22,103.0,30.15,8,2,1,1,0.0,5.0,5.0,5.0,5.0
2024-01-02 09:00:00+00:00,Karachi,25.5,47,1014.2,1.06,5,263.9,338.32,2643.59,76.09,63.9,123.02,28.37,9,2,1,1,0.0,5.0,5.0,5.0,5.0
2024-01-02 10:00:00+00:00,Karachi,25.1,46,1013.5,4.32,5,246.38,315.86,2269.74,67.17,57.7,141.62,21.79,10,2,1,1,0.0,5.0,5.0,5.0,5.0
2024-01-02 11:00:00+00:00,Karachi,23.6,51,1013.8,6.04,5,251.18,318.93,2082.82,62.38,49.11,157.36,16.72,11,2,1,1,0.0,5.0,5.0,5.0,5.0
2024-01-02 12:00:00+00:00,Karachi,23.2,57,1014.0,3.34,5,260.27,327.6,1895.9,52.78,41.96,177.38,12.03,12,2,1,1,0.0,5.0,5.0,5.0,5.0
2024-01-02 13:00:00+00:00,Karachi,22.4,63,1014.3,2.6,5,260.29,325.43,1789.09,46.61,35.29,178.81,8.99,13,2,1,1,0.0,5.0,5.0,5.0,5.0
2024-01-02 14:00:00+00:00,Karachi,21.7,71,1015.1,2.82,5,242.82,302.89,1708.98,43.87,27.18,157.36,8.04,14,2,1,1,0.0,5.0,5.0,5.0,5.0
2024-01-02 15:00:00+00:00,Karachi,21.1,75,1015.7,2.28,5,217.43,272.41,1562.12,38.04,20.03,138.76,8.61,15,2,1,1,0.0,5.0,5.0,5.0,5.0
2024-01-02 16:00:00+00:00,Karachi,20.3,81,1015.9,1.28,5,229.27,287.98,1949.31,53.47,19.07,108.72,16.47,16,2,1,1,0.0,5.0,5.0,5.0,5.0
2024-01-02 17:00:00+00:00,Karachi,20.6,80,1015.7,0.73,5,263.82,330.87,2643.59,79.51,21.46,70.81,26.6,17,2,1,1,0.0,5.0,5.0,5.0,5.0
2024-01-02 18:00:00+00:00,Karachi,20.4,82,1015.5,0.81,5,309.96,386.95,3471.37,106.93,25.03,37.91,35.46,18,2,1,1,0.0,5.0,5.0,5.0,5.0
2024-01-02 19:00:00+00:00,Karachi,20.0,85,1015.2,0.92,5,364.68,451.06,4432.68,137.09,28.61,8.31,40.53,19,2,1,1,0.0,5.0,5.0,5.0,5.0
2024-01-02 20:00:00+00:00,Karachi,18.0,93,1015.0,1.91,5,457.85,552.56,5981.45,161.77,33.86,0.1,44.58,20,2,1,1,0.0,5.0,5.0,5.0,5.0
2024-01-02 21:00:00+00:00,Karachi,17.6,82,1015.0,3.01,5,630.7,746.34,8544.92,202.89,44.82,0.0,56.24,21,2,1,1,0.0,5.0,5.0,5.0,5.0
2024-01-02 22:00:00+00:00,Karachi,17.4,68,1014.8,2.66,5,767.98,907.69,10253.91,235.8,51.02,0.0,62.32,22,2,1,1,0.0,5.0,5.0,5.0,5.0
2024-01-02 23:00:00+00:00,Karachi,17.5,63,1014.5,2.5,5,728.08,872.04,9613.04,222.09,45.3,0.0,51.68,23,2,1,1,0.0,5.0,5.0,5.0,5.0
2024-01-03 00:00:00+00:00,Karachi,17.0,63,1014.4,2.41,5,554.47,682.45,7049.56,163.14,36.24,0.0,39.01,0,3,1,2,0.0,5.0,5.0,5.0,5.0
2024-01-03 01:00:00+00:00,Karachi,16.7,61,1015.0,2.75,5,371.45,473.78,4539.49,100.08,30.28,0.09,32.93,1,3,1,2,0.0,5.0,5.0,5.0,5.0
2024-01-03 02:00:00+00:00,Karachi,16.5,59,1015.5,2.97,5,296.24,386.33,3578.19,74.71,31.95,0.19,37.49,2,3,1,2,0.0,5.0,5.0,5.0,5.0
2024-01-03 03:00:00+00:00,Karachi,16.9,56,1015.9,3.01,5,332.59,435.2,4592.9,86.37,40.05,0.09,58.77,3,3,1,2,0.0,5.0,5.0,5.0,5.0
2024-01-03 04:00:00+00:00,Karachi,18.6,49,1016.8,3.01,5,301.41,413.32,4539.49,105.56,41.01,3.31,55.73,4,3,1,2,0.0,5.0,5.0,5.0,5.0
2024-01-03 05:00:00+00:00,Karachi,21.3,42,1017.3,3.59,5,267.61,384.6,4325.87,101.45,37.67,13.23,53.2,5,3,1,2,0.0,5.0,5.0,5.0,5.0
2024-01-03 06:00:00+00:00,Karachi,23.2,49,1016.6,3.89,5,235.39,344.44,3631.59,87.74,36.72,33.97,46.61,6,3,1,2,0.0,5.0,5.0,5.0,5.0
2024-01-03 07:00:00+00:00,Karachi,24.2,49,1015.5,3.05,5,153.42,223.76,1708.98,42.5,38.15,98.71,17.99,7,3,1,2,0.0,5.0,5.0,5.0,5.0
2024-01-03 08:00:00+00:00,Karachi,25.0,46,1014.4,2.46,5,146.41,211.93,1535.42,37.7,42.44,121.59,15.2,8,3,1,2,0.0,5.0,5.0,5.0,5.0
2024-01-03 09:00:00+00:00,Karachi,25.6,43,1013.6,2.09,5,147.11,213.07,1548.77,41.13,49.11,131.61,15.2,9,3,1,2,0.0,5.0,5.0,5.0,5.0
2024-01-03 10:00:00+00:00,Karachi,25.7,42,1012.9,1.8,5,182.71,259.81,2376.56,75.4,56.74,111.58,25.33,10,3,1,2,0.0,5.0,5.0,5.0,5.0
2024-01-03 11:00:00+00:00,Karachi,25.4,42,1012.6,1.56,5,236.54,334.54,3685.0,130.24,65.8,67.95,40.53,11,3,1,2,0.0,5.0,5.0,5.0,5.0
2024-01-03 12:00:00+00:00,Karachi,24.9,42,1012.7,1.58,5,240.75,351.73,4058.84,161.77,69.62,27.54,43.06,12,3,1,2,0.0,5.0,5.0,5.0,5.0
2024-01-03 13:00:00+00:00,Karachi,23.8,44,1013.3,2.94,5,222.13,334.42,4165.65,164.51,70.57,1.99,42.05,13,3,1,2,0.0,5.0,5.0,5.0,5.0
2024-01-03 14:00:00+00:00,Karachi,22.7,44,1014.3,4.16,5,211.34,318.38,4219.06,142.57,65.8,0.0,41.04,14,3,1,2,0.0,5.0,5.0,5.0,5.0
2024-01-03 15:00:00+00:00,Karachi,21.5,47,1015.0,4.34,5,191.22,290.68,3391.27,117.9,54.84,3.0,36.48,15,3,1,2,0.0,5.0,5.0,5.0,5.0
2024-01-03 16:00:00+00:00,Karachi,20.5,49,1015.6,4.26,5,148.47,238.96,1949.31,65.12,45.78,45.78,24.57,16,3,1,2,0.0,5.0,5.0,5.0,5.0
2024-01-03 17:00:00+00:00,Karachi,19.7,51,1015.8,4.65,5,168.79,263.89,2216.34,63.06,37.67,46.49,32.42,17,3,1,2,0.0,5.0,5.0,5.0,5.0
2024-01-03 18:00:00+00:00,Karachi,19.0,52,1015.8,4.39,5,183.84,278.91,2429.96,61.69,33.38,43.27,38.0,18,3,1,2,0.0,5.0,5.0,5.0,5.0
2024-01-03 19:00:00+00:00,Karachi,18.4,54,1015.6,4.34,5,171.01,258.15,2243.04,54.84,28.13,44.35,33.94,19,3,1,2,0.0,5.0,5.0,5.0,5.0
2024-01-03 20:00:00+00:00,Karachi,17.9,55,1015.5,4.64,5,134.03,206.73,1615.52,39.41,21.22,55.79,21.79,20,3,1,2,0.0,5.0,5.0,5.0,5.0
2024-01-03 21:00:00+00:00,Karachi,17.5,55,1015.6,4.74,5,113.74,176.08,1148.22,24.68,16.93,67.95,15.45,21,3,1,2,0.0,5.0,5.0,5.0,5.0
2024-01-03 22:00:00+00:00,Karachi,17.3,56,1015.6,4.95,5,110.52,169.02,988.01,17.65,15.5,75.1,13.93,22,3,1,2,0.0,5.0,5.0,5.0,5.0
2024-01-03 23:00:00+00:00,Karachi,17.0,59,1015.3,5.1,5,112.19,169.99,934.6,15.25,15.26,78.68,13.17,23,3,1,2,0.0,5.0,5.0,5.0,5.0
2024-01-04 00:00:00+00:00,Karachi,16.7,60,1015.4,4.74,5,116.81,175.3,907.9,14.57,15.74,81.54,12.41,0,4,1,3,0.0,5.0,5.0,5.0,5.0
2024-01-04 01:00:00+00:00,Karachi,16.0,61,1016.4,5.32,5,125.53,184.03,961.3,15.77,16.21,82.97,12.16,1,4,1,3,0.0,5.0,5.0,5.0,5.0
2024-01-04 02:00:00+00:00,Karachi,15.7,60,1017.0,5.26,5,143.43,202.41,1201.63,23.65,18.36,77.25,15.33,2,4,1,3,0.0,5.0,5.0,5.0,5.0
2024-01-04 03:00:00+00:00,Karachi,16.1,56,1017.5,4.96,5,172.4,237.66,1762.39,45.24,22.65,58.65,22.8,3,4,1,3,0.0,5.0,5.0,5.0,5.0
2024-01-04 04:00:00+00:00,Karachi,17.8,49,1018.4,4.61,5,181.02,256.28,2082.82,60.32,25.03,47.21,25.33,4,4,1,3,0.0,5.0,5.0,5.0,5.0
2024-01-04 05:00:00+00:00,Karachi,20.0,42,1018.8,4.53,5,178.72,264.69,2029.42,55.52,27.42,58.65,24.57,5,4,1,3,0.0,5.0,5.0,5.0,5.0
2024-01-04 06:00:00+00:00,Karachi,22.2,35,1018.0,5.04,5,173.2,266.61,1789.09,45.24,30.28,82.97,21.79,6,4,1,3,0.0,5.0,5.0,5.0,5.0
2024-01-04 07:00:00+00:00,Karachi,23.6,30,1017.0,5.21,5,137.65,223.15,1228.33,31.19,41.01,111.58,13.17,7,4,1,3,0.0,5.0,5.0,5.0,5.0
2024-01-04 08:00:00+00:00,Karachi,24.4,28,1015.7,4.72,5,122.5,202.52,1041.41,28.79,55.31,124.45,9.88,8,4,1,3,0.0,5.0,5.0,5.0,5.0
2024-01-04 09:00:00+00:00,Karachi,24.8,27,1014.7,4.57,5,119.04,198.82,974.66,29.13,64.85,134.47,8.23,9,4,1,3,0.0,5.0,5.0,5.0,5.0
2024-01-04 10:00:00+00:00,Karachi,25.0,27,1014.0,4.34,5,107.84,179.59,907.9,28.79,63.9,137.33,7.41,10,4,1,3,0.0,5.0,5.0,5.0,5.0
2024-01-04 11:00:00+00:00,Karachi,24.9,28,1013.6,4.34,5,99.65,165.82,921.25,31.87,63.9,130.18,7.79,11,4,1,3,0.0,5.0,5.0,5.0,5.0
2024-01-04 12:00:00+00:00,Karachi,24.2,29,1013.9,3.81,5,100.12,166.65,961.3,38.39,69.62,121.59,8.23,12,4,1,3,0.0,5.0,5.0,5.0,5.0
2024-01-04 13:00:00+00:00,Karachi,22.5,33,1014.6,4.23,5,103.69,171.96,1068.12,43.87,71.53,108.72,8.99,13,4,1,3,0.0,5.0,5.0,5.0,5.0
2024-01-04 14:00:00+00:00,Karachi,21.2,37,1015.1,4.61,5,109.88,179.2,1134.87,43.53,63.9,100.14,9.12,14,4,1,3,0.0,5.0,5.0,5.0,5.0
2024-01-04 15:00:00+00:00,Karachi,20.1,43,1015.7,4.73,5,118.33,188.23,1134.87,38.04,56.74,98.71,9.75,15,4,1,3,0.0,5.0,5.0,5.0,5.0
2024-01-04 16:00:00+00:00,Karachi,19.3,48,1016.2,5.17,5,154.69,236.24,1575.47,47.98,46.73,80.82,17.73,16,4,1,3,0.0,5.0,5.0,5.0,5.0
2024-01-04 17:00:00+00:00,Karachi,18.3,52,1016.4,5.13,5,187.29,275.83,1922.61,49.35,36.72,70.81,24.57,17,4,1,3,0.0,5.0,5.0,5.0,5.0
2024-01-04 18:00:00+00:00,Karachi,17.6,56,1016.5,4.65,5,206.44,293.57,2082.82,47.3,30.99,68.66,27.61,18,4,1,3,0.0,5.0,5.0,5.0,5.0
2024-01-04 19:00:00+00:00,Karachi,17.1,58,1016.2,4.81,5,212.66,295.6,2082.82,46.61,26.46,66.52,26.35,19,4,1,3,0.0,5.0,5.0,5.0,5.0
2024-01-04 20:00:00+00:00,Karachi,16.6,60,1016.0,4.59,5,197.28,270.44,1815.8,39.07,21.46,70.1,19.51,20,4,1,3,0.0,5.0,5.0,5.0,5.0
2024-01-04 21:00:00+00:00,Karachi,16.2,62,1016.0,4.3,5,185.65,250.66,1522.06,29.13,18.6,77.25,15.33,21,4,1,3,0.0,5.0,5.0,5.0,5.0
2024-01-04 22:00:00+00:00,Karachi,15.8,63,1015.8,4.13,5,186.51,247.79,1428.6,23.65,17.88,80.11,15.45,22,4,1,3,0.0,5.0,5.0,5.0,5.0
2024-01-04 23:00:00+00:00,Karachi,15.6,64,1015.4,4.08,5,190.96,250.15,1441.96,21.59,17.64,79.39,16.47,23,4,1,3,0.0,5.0,5.0,5.0,5.0
2024-01-05 00:00:00+00:00,Karachi,15.3,65,1015.6,4.0,5,195.2,254.16,1468.66,21.59,17.88,77.96,17.23,0,5,1,4,0.0,5.0,5.0,5.0,5.0
2024-01-05 01:00:00+00:00,Karachi,14.2,71,1016.1,3.97,5,200.68,259.64,1535.42,24.33,18.36,74.39,18.24,1,5,1,4,0.0,5.0,5.0,5.0,5.0
2024-01-05 02:00:00+00:00,Karachi,14.1,72,1016.7,4.0,5,216.91,278.89,1842.5,35.3,20.27,65.8,22.04,2,5,1,4,0.0,5.0,5.0,5.0,5.0
2024-01-05 03:00:00+00:00,Karachi,14.7,68,1017.0,3.94,5,260.06,334.15,2696.99,69.92,25.75,40.05,32.42,3,5,1,4,0.0,5.0,5.0,5.0,5.0
2024-01-05 04:00:00+00:00,Karachi,16.4,60,1017.9,4.0,5,272.92,357.72,3231.05,91.85,29.8,23.6,35.46,4,5,1,4,0.0,5.0,5.0,5.0,5.0
2024-01-05 05:00:00+00:00,Karachi,19.1,49,1018.3,3.91,5,267.81,355.88,3204.35,85.0,32.42,33.62,35.46,5,5,1,4,0.0,5.0,5.0,5.0,5.0
2024-01-05 06:00:00+00:00,Karachi,21.4,39,1017.8,4.02,5,262.55,349.68,2883.91,71.29,35.29,58.65,33.44,6,5,1,4,0.0,5.0,5.0,5.0,5.0
2024-01-05 07:00:00+00:00,Karachi,23.1,34,1016.6,3.35,5,192.4,256.77,1735.69,42.5,45.78,101.57,17.23,7,5,1,4,0.0,5.0,5.0,5.0,5.0
2024-01-05 08:00:00+00:00,Karachi,23.9,35,1015.5,2.69,5,162.59,216.77,1388.55,33.24,48.64,120.16,12.16,8,5,1,4,0.0,5.0,5.0,5.0,5.0
2024-01-05 09:00:00+00:00,Karachi,24.5,36,1014.5,2.08,5,157.61,210.77,1321.79,31.53,47.21,130.18,11.15,9,5,1,4,0.0,5.0,5.0,5.0,5.0
2024-01-05 10:00:00+00:00,Karachi,24.8,37,1014.2,1.42,5,202.14,265.2,2376.56,73.34,52.45,101.57,25.33,10,5,1,4,0.0,5.0,5.0,5.0,5.0
2024-01-05 11:00:00+00:00,Karachi,24.7,39,1014.1,0.45,5,280.23,361.46,4272.46,146.69,67.71,49.35,50.16,11,5,1,4,0.0,5.0,5.0,5.0,5.0
2024-01-05 12:00:00+00:00,Karachi,24.0,41,1014.5,2.68,5,320.52,415.76,5393.98,194.67,79.15,13.41,63.84,12,5,1,4,0.0,5.0,5.0,5.0,5.0
2024-01-05 13:00:00+00:00,Karachi,22.8,42,1014.7,2.0,5,339.38,446.3,6248.47,213.86,86.78,0.92,71.94,13,5,1,4,0.0,5.0,5.0,5.0,5.0
2024-01-05 14:00:00+00:00,Karachi,21.7,49,1015.6,0.22,5,371.58,489.68,7263.18,213.86,92.51,0.0,82.08,14,5,1,4,0.0,5.0,5.0,5.0,5.0
2024-01-05 15:00:00+00:00,Karachi,20.9,48,1016.2,3.07,5,371.86,490.39,6942.75,194.67,88.69,0.0,82.08,15,5,1,4,0.0,5.0,5.0,5.0,5.0
2024-01-05 16:00:00+00:00,Karachi,19.9,50,1016.9,4.52,5,244.01,335.45,3578.19,128.87,61.04,6.53,41.04,16,5,1,4,0.0,5.0,5.0,5.0,5.0
2024-01-05 17:00:00+00:00,Karachi,18.9,55,1017.4,4.62,5,212.09,294.14,2563.48,74.71,41.96,36.48,31.16,17,5,1,4,0.0,5.0,5.0,5.0,5.0
2024-01-05 18:00:00+00:00,Karachi,18.2,58,1017.6,4.57,5,193.65,264.26,2162.93,47.3,30.99,57.22,26.35,18,5,1,4,0.0,5.0,5.0,5.0,5.0
2024-01-05 19:00:00+00:00,Karachi,17.7,60,1017.5,4.53,5,169.25,228.91,1735.69,33.93,24.32,70.1,19.0,19,5,1,4,0.0,5.0,5.0,5.0,5.0
2024-01-05 20:00:00+00:00,Karachi,17.3,61,1017.4,4.96,5,146.42,197.92,1335.14,23.31,19.07,82.25,11.4,20,5,1,4,0.0,5.0,5.0,5.0,5.0
2024-01-05 21:00:00+00:00,Karachi,16.8,61,1017.0,5.28,5,136.32,185.02,1081.47,13.54,13.71,92.98,7.79,21,5,1,4,0.0,5.0,5.0,5.0,5.0
2024-01-05 22:00:00+00:00,Karachi,16.4,61,1016.8,5.48,5,135.54,185.06,1001.36,9.85,11.32,95.84,7.22,22,5,1,4,0.0,5.0,5.0,5.0,5.0
2024-01-05 23:00:00+00:00,Karachi,16.0,66,1016.6,5.24,5,137.14,186.43,988.01,9.34,11.09,94.41,7.54,23,5,1,4,0.0,5.0,5.0,5.0,5.0
2024-01-06 00:00:00+00:00,Karachi,15.7,71,1016.7,5.09,5,143.42,189.8,1014.71,9.68,11.44,92.98,7.41,0,6,1,5,0.0,5.0,5.0,5.0,5.0
2024-01-06 01:00:00+00:00,Karachi,16.0,68,1017.1,5.16,5,154.34,195.61,1068.12,10.97,12.4,92.98,6.97,1,6,1,5,0.0,5.0,5.0,5.0,5.0
2024-01-06 02:00:00+00:00,Karachi,15.6,68,1017.6,5.09,5,169.24,205.85,1228.33,16.45,14.42,88.69,8.61,2,6,1,5,0.0,5.0,5.0,5.0,5.0
2024-01-06 03:00:00+00:00,Karachi,16.0,66,1018.3,5.17,5,188.02,224.87,1615.52,31.53,17.4,74.39,13.93,3,6,1,5,0.0,5.0,5.0,5.0,5.0
2024-01-06 04:00:00+00:00,Karachi,17.9,58,1018.6,5.45,5,192.51,230.05,1869.2,43.87,19.31,64.37,16.47,4,6,1,5,0.0,5.0,5.0,5.0,5.0
2024-01-06 05:00:00+00:00,Karachi,20.4,51,1019.2,5.76,5,190.36,226.98,1842.5,39.76,21.22,74.39,15.45,5,6,1,5,0.0,5.0,5.0,5.0,5.0
2024-01-06 06:00:00+00:00,Karachi,22.3,45,1018.8,6.28,5,189.91,224.2,1628.88,30.16,23.6,98.71,12.03,6,6,1,5,0.0,5.0,5.0,5.0,5.0
2024-01-06 07:00:00+00:00,Karachi,23.5,41,1017.7,6.18,5,164.55,190.57,1201.63,18.85,26.23,125.89,4.69,7,6,1,5,0.0,5.0,5.0,5.0,5.0
2024-01-06 08:00:00+00:00,Karachi,24.4,38,1016.5,5.77,5,152.83,175.94,1081.47,16.11,28.13,137.33,3.36,8,6,1,5,0.0,5.0,5.0,5.0,5.0
2024-01-06 09:00:00+00:00,Karachi,25.0,36,1015.6,5.5,5,149.86,172.73,1041.41,15.59,28.85,141.62,2.85,9,6,1,5,0.0,5.0,5.0,5.0,5.0
2024-01-06 10:00:00+00:00,Karachi,25.2,36,1015.0,5.15,5,134.25,154.85,1001.36,15.94,26.46,138.76,2.66,10,6,1,5,0.0,5.0,5.0,5.0,5.0
2024-01-06 11:00:00+00:00,Karachi,25.0,36,1015.2,5.15,5,117.96,137.1,988.01,18.51,25.99,127.32,3.26,11,6,1,5,0.0,5.0,5.0,5.0,5.0
2024-01-06 12:00:00+00:00,Karachi,24.3,38,1015.6,5.12,5,114.99,134.83,1014.71,22.96,29.09,115.87,3.83,12,6,1,5,0.0,5.0,5.0,5.0,5.0
2024-01-06 13:00:00+00:00,Karachi,22.1,43,1016.8,5.03,5,116.81,137.7,1081.47,27.08,30.99,104.43,4.43,13,6,1,5,0.0,5.0,5.0,5.0,5.0
2024-01-06 14:00:00+00:00,Karachi,21.1,47,1017.6,5.19,5,123.6,145.89,1094.82,26.05,28.85,98.71,4.88,14,6,1,5,0.0,5.0,5.0,5.0,5.0
2024-01-06 15:00:00+00:00,Karachi,20.2,50,1018.2,5.1,5,130.62,153.83,1054.76,21.08,26.7,101.57,4.94,15,6,1,5,0.0,5.0,5.0,5.0,5.0
2024-01-06 16:00:00+00:00,Karachi,19.2,55,1018.4,5.3,5,156.15,184.95,1214.98,23.31,29.8,98.71,7.6,16,6,1,5,0.0,5.0,5.0,5.0,5.0
2024-01-06 17:00:00+00:00,Karachi,18.4,58,1018.5,5.52,5,172.64,205.41,1295.09,23.31,28.37,95.84,9.63,17,6,1,5,0.0,5.0,5.0,5.0,5.0
2024-01-06 18:00:00+00:00,Karachi,17.7,61,1018.2,5.36,5,169.78,203.72,1295.09,22.28,25.51,94.41,10.51,18,6,1,5,0.0,5.0,5.0,5.0,5.0
2024-01-06 19:00:00+00:00,Karachi,17.2,62,1017.8,5.2,5,154.66,187.44,1174.93,20.05,22.17,94.41,8.99,19,6,1,5,0.0,5.0,5.0,5.0,5.0
2024-01-06 20:00:00+00:00,Karachi,16.6,62,1017.6,4.83,5,137.91,168.24,974.66,15.08,18.84,95.84,5.83,20,6,1,5,0.0,5.0,5.0,5.0,5.0
2024-01-06 21:00:00+00:00,Karachi,16.2,64,1017.2,4.88,5,135.07,165.52,881.2,10.97,17.17,98.71,5.07,21,6,1,5,0.0,5.0,5.0,5.0,5.0
2024-01-06 22:00:00+00:00,Karachi,15.9,65,1017.0,4.95,5,143.06,174.38,894.55,9.51,16.93,100.14,5.26,22,6,1,5,0.0,5.0,5.0,5.0,5.0
2024-01-06 23:00:00+00:00,Karachi,15.6,66,1016.7,5.02,5,155.79,187.92,934.6,9.34,17.4,100.14,5.51,23,6,1,5,0.0,5.0,5.0,5.0,5.0
2024-01-07 00:00:00+00:00,Karachi,15.2,67,1016.8,5.02,5,164.29,196.3,961.3,9.68,17.88,100.14,5.83,0,7,1,6,0.0,5.0,5.0,5.0,5.0
2024-01-07 01:00:00+00:00,Karachi,14.8,67,1017.9,5.17,5,167.7,199.36,1001.36,10.97,18.36,98.71,6.33,1,7,1,6,0.0,5.0,5.0,5.0,5.0
2024-01-07 02:00:00+00:00,Karachi,14.4,69,1018.5,5.0,5,173.16,205.7,1134.87,16.11,19.55,95.84,8.36,2,7,1,6,0.0,5.0,5.0,5.0,5.0
2024-01-07 03:00:00+00:00,Karachi,14.7,68,1019.4,4.66,5,188.4,225.13,1495.36,29.47,21.7,85.12,12.92,3,7,1,6,0.0,5.0,5.0,5.0,5.0
2024-01-07 04:00:00+00:00,Karachi,16.6,61,1020.1,5.2,5,194.72,235.29,1682.28,38.39,22.65,80.82,14.06,4,7,1,6,0.0,5.0,5.0,5.0,5.0
2024-01-07 05:00:00+00:00,Karachi,19.0,53,1020.7,5.75,5,198.21,241.81,1642.23,33.93,23.6,92.98,13.55,5,7,1,6,0.0,5.0,5.0,5.0,5.0
2024-01-07 06:00:00+00:00,Karachi,21.2,46,1019.9,6.09,5,202.52,247.75,1508.71,26.05,24.56,113.01,12.03,6,7,1,6,0.0,5.0,5.0,5.0,5.0
2024-01-07 07:00:00+00:00,Karachi,23.1,39,1018.6,6.14,5,179.9,218.15,1228.33,18.51,25.27,133.04,8.04,7,7,1,6,0.0,5.0,5.0,5.0,5.0
2024-01-07 08:00:00+00:00,Karachi,24.4,35,1017.2,5.94,5,157.69,190.46,1068.12,15.59,26.46,141.62,6.52,8,7,1,6,0.0,5.0,5.0,5.0,5.0
2024-01-07 09:00:00+00:00,Karachi,25.2,32,1016.1,5.6,5,140.1,170.31,974.66,14.57,25.51,141.62,6.27,9,7,1,6,0.0,5.0,5.0,5.0,5.0
2024-01-07 10:00:00+00:00,Karachi,25.5,30,1015.3,5.14,5,104.44,128.12,907.9,16.28,21.22,127.32,6.9,10,7,1,6,0.0,5.0,5.0,5.0,5.0
2024-01-07 11:00:00+00:00,Karachi,25.3,30,1015.0,5.05,4,73.0,91.75,934.6,21.59,19.55,107.29,8.49,11,7,1,6,-1.0,4.666666666666667,5.0,5.0,5.0
2024-01-07 12:00:00+00:00,Karachi,24.5,31,1015.2,5.64,4,73.02,92.65,1054.76,29.47,20.98,92.98,9.88,12,7,1,6,0.0,4.333333333333333,4.0,5.0,5.0
2024-01-07 13:00:00+00:00,Karachi,22.0,38,1015.9,4.87,5,81.27,103.58,1241.68,38.04,23.13,78.68,11.4,13,7,1,6,1.0,4.333333333333333,4.0,4.0,5.0
2024-01-07 14:00:00+00:00,Karachi,20.6,43,1016.8,4.88,5,109.47,139.1,1428.6,42.16,23.84,75.82,13.43,14,7,1,6,0.0,4.666666666666667,5.0,4.0,4.0
2024-01-07 15:00:00+00:00,Karachi,19.4,48,1017.6,4.66,5,132.55,168.36,1441.96,35.99,22.89,82.97,14.95,15,7,1,6,0.0,5.0,5.0,5.0,4.0
2024-01-07 16:00:00+00:00,Karachi,18.4,52,1018.1,4.31,5,147.3,188.57,1415.25,30.16,21.46,88.69,15.58,16,7,1,6,0.0,5.0,5.0,5.0,5.0
2024-01-07 17:00:00+00:00,Karachi,17.5,55,1018.5,4.11,5,155.51,201.67,1415.25,27.42,19.31,88.69,16.72,17,7,1,6,0.0,5.0,5.0,5.0,5.0
2024-01-07 18:00:00+00:00,Karachi,16.8,58,1018.5,3.77,5,158.96,207.9,1428.6,26.05,17.4,86.55,17.48,18,7,1,6,0.0,5.0,5.0,5.0,5.0
2024-01-07 19:00:00+00:00,Karachi,16.3,59,1018.3,3.74,5,148.65,195.26,1321.79,23.99,15.26,85.12,15.45,19,7,1,6,0.0,5.0,5.0,5.0,5.0
2024-01-07 20:00:00+00:00,Karachi,15.7,60,1017.7,3.5,5,131.64,172.65,1108.17,19.54,13.23,87.26,11.53,20,7,1,6,0.0,5.0,5.0,5.0,5.0
2024-01-07 21:00:00+00:00,Karachi,15.3,60,1017.6,3.55,5,127.41,165.74,1028.06,16.79,14.07,89.41,11.15,21,7,1,6,0.0,5.0,5.0,5.0,5.0
2024-01-07 22:00:00+00:00,Karachi,14.9,61,1017.4,3.78,5,128.12,164.12,1014.71,15.08,15.02,90.84,11.91,22,7,1,6,0.0,5.0,5.0,5.0,5.0
2024-01-07 23:00:00+00:00,Karachi,14.6,62,1017.3,3.69,5,134.31,168.69,1054.76,14.91,15.5,90.84,12.79,23,7,1,6,0.0,5.0,5.0,5.0,5.0
2024-01-08 00:00:00+00:00,Karachi,14.4,63,1017.6,3.7,5,142.99,175.62,1108.17,15.59,16.45,90.84,13.43,0,8,1,0,0.0,5.0,5.0,5.0,5.0
2024-01-08 01:00:00+00:00,Karachi,14.4,63,1018.0,3.56,5,157.12,189.18,1255.04,19.19,16.93,86.55,15.58,1,8,1,0,0.0,5.0,5.0,5.0,5.0
2024-01-08 02:00:00+00:00,Karachi,14.1,66,1018.5,3.48,5,192.39,227.59,1789.09,34.96,20.03,70.1,23.56,2,8,1,0,0.0,5.0,5.0,5.0,5.0
2024-01-08 03:00:00+00:00,Karachi,14.7,64,1019.2,3.3,5,272.27,319.57,3177.64,82.94,28.37,28.25,42.56,3,8,1,0,0.0,5.0,5.0,5.0,5.0
2024-01-08 04:00:00+00:00,Karachi,16.9,55,1019.8,2.58,5,336.63,398.6,4699.71,111.04,36.24,8.31,58.77,4,8,1,0,0.0,5.0,5.0,5.0,5.0
2024-01-08 05:00:00+00:00,Karachi,20.0,45,1020.0,2.48,5,366.82,440.43,5447.39,115.16,42.44,16.81,66.88,5,8,1,0,0.0,5.0,5.0,5.0,5.0
2024-01-08 06:00:00+00:00,Karachi,22.5,38,1019.3,1.63,5,391.06,472.12,5554.2,126.12,49.11,34.33,69.92,6,8,1,0,0.0,5.0,5.0,5.0,5.0
2024-01-08 07:00:00+00:00,Karachi,23.5,41,1018.3,0.9,5,146.44,180.03,1695.63,42.84,31.95,108.72,16.97,7,8,1,0,0.0,5.0,5.0,5.0,5.0
2024-01-08 08:00:00+00:00,Karachi,24.3,41,1017.0,1.84,5,113.33,139.64,1188.28,26.39,24.8,131.61,9.25,8,8,1,0,0.0,5.0,5.0,5.0,5.0
2024-01-08 09:00:00+00:00,Karachi,24.6,44,1016.0,3.1,5,103.32,128.74,1014.71,20.73,19.79,141.62,6.9,9,8,1,0,0.0,5.0,5.0,5.0,5.0
2024-01-08 10:00:00+00:00,Karachi,24.4,47,1015.2,3.71,5,86.84,110.8,841.14,15.59,14.42,135.9,5.19,10,8,1,0,0.0,5.0,5.0,5.0,5.0
2024-01-08 11:00:00+00:00,Karachi,24.5,45,1014.8,3.93,4,71.64,93.36,747.68,14.05,11.09,123.02,4.37,11,8,1,0,-1.0,4.666666666666667,5.0,5.0,5.0
2024-01-08 12:00:00+00:00,Karachi,23.9,47,1015.0,4.22,4,62.75,84.19,720.98,14.91,9.42,111.58,3.83,12,8,1,0,0.0,4.333333333333333,4.0,5.0,5.0
2024-01-08 13:00:00+00:00,Karachi,22.4,56,1016.1,4.98,4,72.36,97.67,1108.17,37.36,11.21,81.54,8.36,13,8,1,0,0.0,4.0,4.0,4.0,5.0
2024-01-08 14:00:00+00:00,Karachi,21.3,63,1016.6,4.4,5,98.56,129.28,1602.17,64.43,13.95,49.35,15.07,14,8,1,0,1.0,4.333333333333333,4.0,4.0,4.0
2024-01-08 15:00:00+00:00,Karachi,20.5,69,1017.3,3.16,5,123.98,159.27,1869.2,70.6,15.5,38.98,21.03,15,8,1,0,0.0,4.666666666666667,5.0,4.0,4.0
2024-01-08 16:00:00+00:00,Karachi,19.7,71,1018.0,2.62,5,159.53,200.2,2323.15,81.57,19.31,29.33,30.4,16,8,1,0,0.0,5.0,5.0,5.0,4.0
2024-01-08 17:00:00+00:00,Karachi,19.5,54,1018.3,3.95,5,251.46,304.2,3845.21,120.64,32.42,5.72,54.72,17,8,1,0,0.0,5.0,5.0,5.0,5.0
2024-01-08 18:00:00+00:00,Karachi,18.6,48,1018.6,4.28,5,366.82,446.23,5874.63,150.8,46.25,0.01,80.05,18,8,1,0,0.0,5.0,5.0,5.0,5.0
2024-01-08 19:00:00+00:00,Karachi,17.3,53,1018.5,3.58,5,281.92,365.85,4219.06,108.3,33.86,1.59,54.21,19,8,1,0,0.0,5.0,5.0,5.0,5.0
2024-01-08 20:00:00+00:00,Karachi,16.6,57,1018.3,3.86,5,177.95,240.63,1922.61,45.93,20.03,41.84,22.8,20,8,1,0,0.0,5.0,5.0,5.0,5.0
2024-01-08 21:00:00+00:00,Karachi,16.1,60,1018.2,4.22,5,152.47,204.67,1174.93,19.36,16.21,81.54,12.29,21,8,1,0,0.0,5.0,5.0,5.0,5.0
2024-01-08 22:00:00+00:00,Karachi,15.6,65,1017.9,4.48,5,156.56,210.04,1014.71,13.19,15.97,94.41,9.12,22,8,1,0,0.0,5.0,5.0,5.0,5.0
2024-01-08 23:00:00+00:00,Karachi,15.2,68,1017.9,4.52,5,164.34,218.28,1001.36,11.65,16.21,98.71,8.11,23,8,1,0,0.0,5.0,5.0,5.0,5.0
2024-01-09 00:00:00+00:00,Karachi,14.9,68,1018.0,4.41,5,160.76,212.95,961.3,11.14,16.45,100.14,7.35,0,9,1,1,0.0,5.0,5.0,5.0,5.0
2024-01-10 01:00:00+00:00,Karachi,13.1,71,1019.3,4.61,5,126.97,157.39,1188.28,19.88,17.64,80.82,13.55,1,10,1,2,0.0,5.0,5.0,5.0,5.0
2024-01-10 02:00:00+00:00,Karachi,12.9,71,1020.0,4.53,5,150.22,184.01,1562.12,32.22,20.03,69.38,18.75,2,10,1,2,0.0,5.0,5.0,5.0,5.0
2024-01-10 03:00:00+00:00,Karachi,13.4,67,1020.2,4.43,5,193.41,234.88,2456.67,65.12,25.27,41.13,30.15,3,10,1,2,0.0,5.0,5.0,5.0,5.0
2024-01-10 04:00:00+00:00,Karachi,15.7,57,1021.1,3.89,5,205.16,252.22,3017.43,80.88,28.61,28.97,36.48,4,10,1,2,0.0,5.0,5.0,5.0,5.0
2024-01-10 05:00:00+00:00,Karachi,18.6,44,1021.1,4.74,5,184.74,230.87,2830.51,69.92,30.28,45.42,35.97,5,10,1,2,0.0,5.0,5.0,5.0,5.0
2024-01-10 06:00:00+00:00,Karachi,21.3,33,1020.6,5.19,5,150.59,190.89,2216.34,52.09,30.99,74.39,29.13,6,10,1,2,0.0,5.0,5.0,5.0,5.0
2024-01-10 07:00:00+00:00,Karachi,23.0,26,1019.0,5.03,5,80.72,104.6,1201.63,27.42,25.99,103.0,14.69,7,10,1,2,0.0,5.0,5.0,5.0,5.0
2024-01-10 08:00:00+00:00,Karachi,24.1,23,1017.6,4.42,4,59.27,77.79,974.66,22.28,26.23,113.01,11.65,8,10,1,2,-1.0,4.666666666666667,5.0,5.0,5.0
2024-01-10 09:00:00+00:00,Karachi,24.8,21,1016.7,3.86,3,49.51,66.29,907.9,21.76,28.13,114.44,10.51,9,10,1,2,-1.0,4.0,4.0,5.0,5.0
2024-01-10 10:00:00+00:00,Karachi,25.2,20,1016.1,3.72,4,57.05,75.93,1161.58,32.56,32.42,105.86,13.81,10,10,1,2,1.0,3.6666666666666665,3.0,4.0,5.0
2024-01-10 11:00:00+00:00,Karachi,25.2,20,1015.5,4.27,4,71.12,94.2,1668.93,50.72,36.72,87.26,20.01,11,10,1,2,0.0,3.6666666666666665,4.0,3.0,4.0
2024-01-10 12:00:00+00:00,Karachi,24.7,20,1015.8,4.2,5,80.09,106.84,2082.82,70.6,39.58,60.08,24.32,12,10,1,2,1.0,4.333333333333333,4.0,4.0,3.0
2024-01-10 13:00:00+00:00,Karachi,22.7,25,1016.2,2.31,5,87.82,117.43,2536.77,97.33,41.01,21.64,27.87,13,10,1,2,0.0,4.666666666666667,5.0,4.0,4.0
2024-01-10 14:00:00+00:00,Karachi,20.8,29,1016.9,2.3,5,103.26,138.57,2937.32,106.93,40.53,3.62,32.42,14,10,1,2,0.0,5.0,5.0,5.0,4.0
2024-01-10 15:00:00+00:00,Karachi,19.0,34,1017.6,1.9,5,122.91,165.67,2990.72,100.08,39.58,4.02,37.49,15,10,1,2,0.0,5.0,5.0,5.0,5.0
2024-01-10 16:00:00+00:00,Karachi,17.7,39,1018.1,2.01,5,146.81,198.88,2990.72,91.85,38.15,8.49,42.56,16,10,1,2,0.0,5.0,5.0,5.0,5.0
2024-01-10 17:00:00+00:00,Karachi,16.6,44,1018.3,2.25,5,179.47,241.32,3284.45,89.11,36.72,8.4,49.65,17,10,1,2,0.0,5.0,5.0,5.0,5.0
2024-01-10 18:00:00+00:00,Karachi,15.7,48,1018.3,2.56,5,201.09,266.55,3471.37,87.74,35.29,8.4,53.7,18,10,1,2,0.0,5.0,5.0,5.0,5.0
2024-01-10 19:00:00+00:00,Karachi,14.9,52,1018.0,2.97,5,194.82,258.06,3311.16,84.31,30.99,8.23,48.64,19,10,1,2,0.0,5.0,5.0,5.0,5.0
2024-01-10 20:00:00+00:00,Karachi,14.2,55,1017.8,3.05,5,153.29,205.0,2670.29,69.92,24.56,15.91,34.96,20,10,1,2,0.0,5.0,5.0,5.0,5.0
2024-01-10 21:00:00+00:00,Karachi,13.4,58,1018.0,2.83,5,120.52,159.78,1949.31,47.98,19.79,34.69,24.83,21,10,1,2,0.0,5.0,5.0,5.0,5.0
2024-01-10 22:00:00+00:00,Karachi,13.0,60,1017.9,2.95,5,113.63,148.0,1615.52,34.27,18.6,48.64,22.55,22,10,1,2,0.0,5.0,5.0,5.0,5.0
2024-01-10 23:00:00+00:00,Karachi,12.5,62,1017.6,3.14,5,114.87,148.55,1535.42,29.47,18.6,53.64,22.8,23,10,1,2,0.0,5.0,5.0,5.0,5.0
2024-01-11 00:00:00+00:00,Karachi,12.1,63,1017.4,3.18,5,116.25,150.51,1522.06,29.13,18.84,54.36,22.8,0,11,1,3,0.0,5.0,5.0,5.0,5.0
2024-01-11 01:00:00+00:00,Karachi,11.4,67,1018.0,3.34,5,126.18,161.95,1708.98,35.99,19.55,46.49,25.59,1,11,1,3,0.0,5.0,5.0,5.0,5.0
2024-01-11 02:00:00+00:00,Karachi,11.0,68,1018.5,3.28,5,169.08,211.72,2563.48,65.12,23.6,18.6,36.98,2,11,1,3,0.0,5.0,5.0,5.0,5.0
2024-01-11 03:00:00+00:00,Karachi,11.6,65,1019.2,2.97,5,293.95,359.88,5073.55,98.71,34.33,0.27,64.34,3,11,1,3,0.0,5.0,5.0,5.0,5.0
2024-01-11 04:00:00+00:00,Karachi,14.5,53,1019.9,2.33,5,411.29,513.07,8010.86,123.38,45.3,3.93,90.18,4,11,1,3,0.0,5.0,5.0,5.0,5.0
2024-01-11 05:00:00+00:00,Karachi,18.2,41,1020.3,1.84,5,443.48,570.98,9078.98,142.57,52.93,11.09,101.33,5,11,1,3,0.0,5.0,5.0,5.0,5.0
2024-01-11 06:00:00+00:00,Karachi,21.3,32,1020.0,2.24,5,447.08,584.47,8651.73,178.22,59.13,27.54,100.31,6,11,1,3,0.0,5.0,5.0,5.0,5.0
2024-01-11 07:00:00+00:00,Karachi,22.9,27,1018.6,1.55,5,162.71,228.85,2964.02,91.85,90.6,81.54,34.45,7,11,1,3,0.0,5.0,5.0,5.0,5.0
2024-01-11 08:00:00+00:00,Karachi,24.0,26,1017.2,0.92,5,152.3,209.83,2456.67,79.51,98.23,113.01,28.88,8,11,1,3,0.0,5.0,5.0,5.0,5.0
2024-01-11 09:00:00+00:00,Karachi,24.7,26,1016.3,0.63,5,167.97,221.07,2456.67,78.14,97.27,148.77,27.61,9,11,1,3,0.0,5.0,5.0,5.0,5.0
2024-01-11 10:00:00+00:00,Karachi,25.0,26,1015.5,1.49,5,213.57,265.28,2964.02,100.08,86.78,164.51,30.15,10,11,1,3,0.0,5.0,5.0,5.0,5.0
2024-01-11 11:00:00+00:00,Karachi,24.5,32,1015.4,3.54,5,234.67,281.49,3177.64,119.27,64.85,155.93,29.39,11,11,1,3,0.0,5.0,5.0,5.0,5.0
2024-01-11 12:00:00+00:00,Karachi,23.9,35,1015.3,3.22,5,166.71,202.27,2616.88,105.56,36.72,114.44,24.32,12,11,1,3,0.0,5.0,5.0,5.0,5.0
2024-01-11 13:00:00+00:00,Karachi,22.3,43,1015.7,3.6,5,109.11,138.19,2510.07,108.3,23.13,48.64,24.32,13,11,1,3,0.0,5.0,5.0,5.0,5.0
2024-01-11 14:00:00+00:00,Karachi,21.1,49,1016.1,3.4,5,108.53,138.36,2990.72,113.79,21.93,1.99,31.16,14,11,1,3,0.0,5.0,5.0,5.0,5.0
2024-01-11 15:00:00+00:00,Karachi,19.7,56,1016.2,2.46,5,136.01,170.67,3364.56,97.33,23.6,0.01,40.53,15,11,1,3,0.0,5.0,5.0,5.0,5.0
2024-01-11 16:00:00+00:00,Karachi,18.6,62,1016.6,2.34,5,213.19,259.29,4539.49,97.33,30.52,0.0,60.29,16,11,1,3,0.0,5.0,5.0,5.0,5.0
2024-01-11 17:00:00+00:00,Karachi,17.3,70,1016.8,1.82,5,385.59,452.64,7156.37,109.67,43.39,0.0,95.25,17,11,1,3,0.0,5.0,5.0,5.0,5.0
2024-01-11 18:00:00+00:00,Karachi,16.4,73,1016.9,2.08,5,672.35,781.38,11749.27,150.8,60.56,0.0,133.75,18,11,1,3,0.0,5.0,5.0,5.0,5.0
2024-01-11 19:00:00+00:00,Karachi,15.4,74,1016.4,1.63,5,860.76,1032.82,14953.61,200.15,67.71,0.0,137.81,19,11,1,3,0.0,5.0,5.0,5.0,5.0
2024-01-11 20:00:00+00:00,Karachi,14.7,70,1015.9,1.91,5,685.04,878.69,12496.95,200.15,57.7,0.0,99.3,20,11,1,3,0.0,5.0,5.0,5.0,5.0
2024-01-11 21:00:00+00:00,Karachi,14.3,57,1016.0,2.72,5,378.9,530.98,7156.37,150.8,48.16,0.0,57.25,21,11,1,3,0.0,5.0,5.0,5.0,5.0
2024-01-11 22:00:00+00:00,Karachi,13.9,47,1015.9,3.0,5,210.07,307.42,3791.81,97.33,41.01,0.01,38.0,22,11,1,3,0.0,5.0,5.0,5.0,5.0
2024-01-11 23:00:00+00:00,Karachi,13.2,49,1015.5,3.05,5,163.46,233.81,2723.69,69.23,33.86,0.17,34.45,23,11,1,3,0.0,5.0,5.0,5.0,5.0
2024-01-12 00:00:00+00:00,Karachi,12.6,51,1015.5,3.14,5,161.41,224.54,2563.48,58.95,28.61,0.82,35.46,0,12,1,4,0.0,5.0,5.0,5.0,5.0
2024-01-12 01:00:00+00:00,Karachi,11.8,58,1016.4,2.95,5,172.38,233.65,2723.69,57.58,26.7,1.35,38.0,1,12,1,4,0.0,5.0,5.0,5.0,5.0
2024-01-12 02:00:00+00:00,Karachi,11.4,62,1016.8,2.91,5,217.81,280.71,3524.78,67.86,29.56,0.2,48.64,2,12,1,4,0.0,5.0,5.0,5.0,5.0
2024-01-12 03:00:00+00:00,Karachi,12.1,60,1017.3,2.91,5,360.23,440.35,6355.29,93.22,41.01,0.09,77.01,3,12,1,4,0.0,5.0,5.0,5.0,5.0
2024-01-12 04:00:00+00:00,Karachi,15.2,48,1018.1,2.51,5,494.66,600.16,9719.85,126.12,51.5,2.68,105.38,4,12,1,4,0.0,5.0,5.0,5.0,5.0
2024-01-12 05:00:00+00:00,Karachi,19.9,34,1018.6,2.36,5,532.49,655.92,10894.78,161.77,59.6,9.57,117.54,5,12,1,4,0.0,5.0,5.0,5.0,5.0
2024-01-12 06:00:00+00:00,Karachi,22.8,24,1018.3,2.48,5,533.51,662.76,10040.28,213.86,65.8,29.68,112.47,6,12,1,4,0.0,5.0,5.0,5.0,5.0
2024-01-12 07:00:00+00:00,Karachi,24.1,23,1017.2,1.7,5,179.5,234.24,3044.13,93.22,83.92,117.3,34.96,7,12,1,4,0.0,5.0,5.0,5.0,5.0
2024-01-12 08:00:00+00:00,Karachi,24.9,23,1015.9,1.12,5,173.36,223.9,2563.48,75.4,83.92,163.08,28.88,8,12,1,4,0.0,5.0,5.0,5.0,5.0
2024-01-12 09:00:00+00:00,Karachi,25.2,23,1015.0,0.54,5,181.83,233.54,2456.67,69.23,82.97,197.41,25.84,9,12,1,4,0.0,5.0,5.0,5.0,5.0
2024-01-12 10:00:00+00:00,Karachi,25.4,24,1014.5,1.84,5,239.12,301.08,3177.64,101.45,82.02,203.13,30.4,10,12,1,4,0.0,5.0,5.0,5.0,5.0
2024-01-12 11:00:00+00:00,Karachi,24.6,32,1014.0,4.05,5,329.39,405.12,4112.24,152.17,78.2,188.83,35.46,11,12,1,4,0.0,5.0,5.0,5.0,5.0
2024-01-12 12:00:00+00:00,Karachi,23.3,37,1014.1,4.7,5,346.36,421.21,3952.03,161.77,71.53,170.23,31.16,12,12,1,4,0.0,5.0,5.0,5.0,5.0
2024-01-12 13:00:00+00:00,Karachi,22.2,45,1014.6,2.94,5,306.47,371.83,3791.81,168.62,65.8,113.01,28.88,13,12,1,4,0.0,5.0,5.0,5.0,5.0
2024-01-12 14:00:00+00:00,Karachi,21.3,55,1014.9,2.73,5,246.19,301.62,3524.78,160.4,57.22,69.38,25.59,14,12,1,4,0.0,5.0,5.0,5.0,5.0
2024-01-12 15:00:00+00:00,Karachi,20.3,64,1015.6,3.3,5,193.11,241.9,2616.88,111.04,49.59,82.25,21.53,15,12,1,4,0.0,5.0,5.0,5.0,5.0
2024-01-12 16:00:00+00:00,Karachi,19.4,71,1016.0,2.73,5,190.37,240.64,2536.77,94.59,45.78,76.53,25.84,16,12,1,4,0.0,5.0,5.0,5.0,5.0
2024-01-12 17:00:00+00:00,Karachi,17.8,81,1016.2,1.8,5,242.85,301.81,3524.78,123.38,44.35,31.83,39.01,17,12,1,4,0.0,5.0,5.0,5.0,5.0
2024-01-12 18:00:00+00:00,Karachi,16.7,87,1016.0,1.91,5,315.58,381.61,4753.11,138.46,44.82,3.04,49.65,18,12,1,4,0.0,5.0,5.0,5.0,5.0
2024-01-12 19:00:00+00:00,Karachi,16.0,90,1015.5,2.38,5,355.24,421.79,5393.98,132.98,42.44,0.03,49.14,19,12,1,4,0.0,5.0,5.0,5.0,5.0
2024-01-12 20:00:00+00:00,Karachi,15.2,92,1015.0,2.42,5,333.17,389.69,5126.95,126.12,34.33,0.01,34.45,20,12,1,4,0.0,5.0,5.0,5.0,5.0
2024-01-12 21:00:00+00:00,Karachi,14.5,92,1014.7,2.5,5,287.76,334.41,4272.46,112.41,25.75,0.06,23.31,21,12,1,4,0.0,5.0,5.0,5.0,5.0
2024-01-12 22:00:00+00:00,Karachi,13.8,92,1014.6,2.83,5,226.26,266.29,3097.53,85.0,19.31,1.63,17.48,22,12,1,4,0.0,5.0,5.0,5.0,5.0
2024-01-12 23:00:00+00:00,Karachi,13.3,93,1014.5,2.72,5,184.86,222.05,2376.56,61.69,16.69,8.67,15.2,23,12,1,4,0.0,5.0,5.0,5.0,5.0
2024-01-13 00:00:00+00:00,Karachi,12.9,93,1014.8,2.7,5,171.66,208.1,2136.23,50.72,15.97,16.45,14.82,0,13,1,5,0.0,5.0,5.0,5.0,5.0
2024-01-13 01:00:00+00:00,Karachi,11.9,92,1015.5,2.62,5,171.7,208.78,2216.34,51.41,16.93,16.09,16.09,1,13,1,5,0.0,5.0,5.0,5.0,5.0
2024-01-13 02:00:00+00:00,Karachi,11.6,92,1016.0,2.28,5,203.13,245.03,2857.21,69.92,20.98,3.76,23.31,2,13,1,5,0.0,5.0,5.0,5.0,5.0
2024-01-13 03:00:00+00:00,Karachi,12.7,88,1016.4,2.34,5,311.13,369.87,4913.33,91.85,30.99,0.08,43.57,3,13,1,5,0.0,5.0,5.0,5.0,5.0
2024-01-13 04:00:00+00:00,Karachi,15.6,77,1017.3,1.79,5,445.68,529.9,8010.86,116.53,43.87,2.1,65.86,4,13,1,5,0.0,5.0,5.0,5.0,5.0
2024-01-13 05:00:00+00:00,Karachi,19.3,67,1018.0,1.28,5,540.61,641.13,10147.09,149.43,51.98,7.42,79.04,5,13,1,5,0.0,5.0,5.0,5.0,5.0
2024-01-13 06:00:00+00:00,Karachi,21.4,64,1017.7,0.5,5,607.47,706.5,10894.78,219.35,56.74,24.68,83.09,6,13,1,5,0.0,5.0,5.0,5.0,5.0
2024-01-13 07:00:00+00:00,Karachi,22.8,61,1016.6,1.63,5,154.4,182.78,2403.26,67.86,29.33,113.01,16.97,7,13,1,5,0.0,5.0,5.0,5.0,5.0
2024-01-13 08:00:00+00:00,Karachi,23.6,58,1015.4,2.92,5,93.91,113.97,1241.68,28.45,15.5,140.19,7.66,8,13,1,5,0.0,5.0,5.0,5.0,5.0
2024-01-13 09:00:00+00:00,Karachi,24.2,55,1014.8,3.86,4,69.86,88.5,854.49,15.59,10.13,144.48,5.19,9,13,1,5,-1.0,4.666666666666667,5.0,5.0,5.0
2024-01-13 10:00:00+00:00,Karachi,24.6,47,1014.1,4.7,3,39.63,57.52,587.46,10.2,6.62,123.02,4.24,10,13,1,5,-1.0,4.0,4.0,5.0,5.0
2024-01-13 11:00:00+00:00,Karachi,24.5,42,1013.8,4.95,3,24.09,42.03,473.98,9.34,5.25,101.57,3.45,11,13,1,5,0.0,3.3333333333333335,3.0,4.0,5.0
2024-01-13 12:00:00+00:00,Karachi,23.5,46,1014.0,4.67,2,17.91,35.93,440.6,10.37,4.65,88.69,3.1,12,13,1,5,-1.0,2.6666666666666665,3.0,3.0,4.0
2024-01-13 13:00:00+00:00,Karachi,22.0,64,1014.4,4.1,2,20.02,39.25,647.54,25.02,5.6,67.95,5.38,13,13,1,5,0.0,2.3333333333333335,2.0,3.0,3.0
2024-01-13 14:00:00+00:00,Karachi,21.0,74,1014.7,2.73,3,26.41,47.96,921.25,42.84,6.79,42.56,8.36,14,13,1,5,1.0,2.3333333333333335,2.0,2.0,3.0
2024-01-13 15:00:00+00:00,Karachi,20.3,80,1015.4,2.15,3,33.35,57.95,1028.06,46.61,7.39,33.97,10.64,15,13,1,5,0.0,2.6666666666666665,3.0,2.0,2.0
2024-01-13 16:00:00+00:00,Karachi,19.5,87,1015.8,2.02,3,43.21,71.85,1148.22,47.3,8.46,29.68,13.3,16,13,1,5,0.0,3.0,3.0,3.0,2.0
2024-01-13 17:00:00+00:00,Karachi,18.8,92,1016.0,1.77,3,49.78,81.53,1228.33,45.93,8.94,27.89,14.57,17,13,1,5,0.0,3.0,3.0,3.0,3.0
2024-01-13 18:00:00+00:00,Karachi,19.6,89,1015.8,1.03,4,54.45,87.62,1281.74,45.24,9.3,27.54,15.2,18,13,1,5,1.0,3.3333333333333335,3.0,3.0,3.0
2024-01-13 19:00:00+00:00,Karachi,19.6,88,1015.5,0.85,4,52.08,84.26,1241.68,43.53,8.46,28.61,13.55,19,13,1,5,0.0,3.6666666666666665,4.0,3.0,3.0
2024-01-13 20:00:00+00:00,Karachi,19.1,90,1015.2,0.94,3,43.48,71.04,1121.52,40.78,7.09,32.54,9.63,20,13,1,5,-1.0,3.6666666666666665,4.0,4.0,3.0
2024-01-13 21:00:00+00:00,Karachi,19.0,89,1015.3,1.06,3,42.96,67.66,1068.12,36.33,6.85,39.7,8.36,21,13,1,5,0.0,3.3333333333333335,3.0,4.0,4.0
2024-01-13 22:00:00+00:00,Karachi,18.0,91,1015.2,1.33,3,48.02,72.01,1081.47,31.53,7.15,47.21,8.61,22,13,1,5,0.0,3.0,3.0,3.0,4.0
2024-01-13 23:00:00+00:00,Karachi,16.3,96,1014.9,1.88,4,57.03,82.39,1174.93,31.53,8.23,47.21,10.01,23,13,1,5,1.0,3.3333333333333335,3.0,3.0,3.0
2024-01-14 00:00:00+00:00,Karachi,16.0,97,1015.1,2.55,4,73.74,101.7,1415.25,36.67,10.49,40.41,12.54,0,14,1,6,0.0,3.6666666666666665,4.0,3.0,3.0
2024-01-14 01:00:00+00:00,Karachi,14.9,97,1015.8,2.52,5,100.37,131.25,1869.2,49.35,13.83,25.03,16.47,1,14,1,6,1.0,4.333333333333333,4.0,4.0,3.0
2024-01-14 02:00:00+00:00,Karachi,15.1,96,1016.4,2.33,5,146.52,182.11,2696.99,69.23,18.12,3.67,22.29,2,14,1,6,0.0,4.666666666666667,5.0,4.0,4.0
2024-01-14 03:00:00+00:00,Karachi,16.3,91,1016.8,2.44,5,240.88,290.13,4592.9,82.94,26.23,0.07,35.46,3,14,1,6,0.0,5.0,5.0,5.0,4.0
2024-01-14 04:00:00+00:00,Karachi,18.5,83,1017.7,2.48,5,318.66,388.66,6729.13,93.22,33.38,1.79,46.61,4,14,1,6,0.0,5.0,5.0,5.0,5.0
2024-01-14 05:00:00+00:00,Karachi,21.3,75,1018.2,2.1,5,338.69,435.2,7583.62,104.19,38.15,6.26,55.73,5,14,1,6,0.0,5.0,5.0,5.0,5.0
2024-01-14 06:00:00+00:00,Karachi,23.2,68,1018.1,1.66,5,352.9,470.84,7583.62,137.09,41.96,18.95,64.34,6,14,1,6,0.0,5.0,5.0,5.0,5.0
2024-01-14 07:00:00+00:00,Karachi,24.0,64,1017.3,0.2,5,236.33,329.1,4592.9,126.12,40.53,60.8,43.57,7,14,1,6,0.0,5.0,5.0,5.0,5.0
2024-01-14 08:00:00+00:00,Karachi,25.0,58,1016.1,1.8,5,294.93,404.73,5020.14,148.06,43.39,94.41,48.64,8,14,1,6,0.0,5.0,5.0,5.0,5.0
2024-01-14 09:00:00+00:00,Karachi,25.4,55,1015.3,3.02,5,311.85,433.42,4806.52,153.54,42.92,123.02,47.62,9,14,1,6,0.0,5.0,5.0,5.0,5.0
2024-01-14 10:00:00+00:00,Karachi,24.7,64,1015.0,4.8,5,269.38,378.47,3631.59,127.49,36.24,141.62,33.44,10,14,1,6,0.0,5.0,5.0,5.0,5.0
2024-01-14 11:00:00+00:00,Karachi,24.1,66,1014.8,4.38,5,213.09,293.88,2456.67,90.48,30.28,153.06,19.25,11,14,1,6,0.0,5.0,5.0,5.0,5.0
2024-01-14 12:00:00+00:00,Karachi,24.1,62,1015.0,3.85,5,152.25,209.4,1575.47,56.89,24.32,157.36,10.39,12,14,1,6,0.0,5.0,5.0,5.0,5.0
2024-01-14 13:00:00+00:00,Karachi,23.2,68,1015.7,2.64,5,104.82,148.52,1148.22,42.5,18.12,144.48,6.52,13,14,1,6,0.0,5.0,5.0,5.0,5.0
2024-01-14 14:00:00+00:00,Karachi,22.3,77,1016.4,2.75,5,90.12,131.87,1174.93,47.3,14.54,111.58,7.47,14,14,1,6,0.0,5.0,5.0,5.0,5.0
2024-01-14 15:00:00+00:00,Karachi,21.6,80,1016.8,2.41,5,77.63,118.55,1134.87,45.24,11.68,91.55,9.5,15,14,1,6,0.0,5.0,5.0,5.0,5.0
2024-01-14 16:00:00+00:00,Karachi,20.8,82,1017.4,2.04,5,100.96,146.65,1708.98,66.49,13.47,57.94,18.24,16,14,1,6,0.0,5.0,5.0,5.0,5.0
2024-01-14 17:00:00+00:00,Karachi,19.9,86,1017.6,1.12,5,189.0,246.94,3231.05,115.16,20.74,15.91,33.94,17,14,1,6,0.0,5.0,5.0,5.0,5.0
2024-01-14 18:00:00+00:00,Karachi,19.4,88,1017.5,2.37,5,376.73,455.72,6088.26,161.77,32.9,0.09,56.74,18,14,1,6,0.0,5.0,5.0,5.0,5.0
2024-01-14 19:00:00+00:00,Karachi,18.5,91,1016.9,1.56,5,568.37,674.16,8972.17,200.15,40.53,0.0,68.9,19,14,1,6,0.0,5.0,5.0,5.0,5.0
2024-01-14 20:00:00+00:00,Karachi,17.7,86,1016.7,2.11,5,582.21,704.18,9292.6,205.64,37.67,0.0,60.29,20,14,1,6,0.0,5.0,5.0,5.0,5.0
2024-01-14 21:00:00+00:00,Karachi,16.9,74,1016.4,2.15,5,475.7,603.2,7690.43,171.36,33.86,0.0,52.69,21,14,1,6,0.0,5.0,5.0,5.0,5.0
2024-01-14 22:00:00+00:00,Karachi,16.2,66,1016.1,1.97,5,364.69,486.83,5714.42,124.75,32.42,0.0,49.65,22,14,1,6,0.0,5.0,5.0,5.0,5.0
2024-01-14 23:00:00+00:00,Karachi,15.6,66,1015.8,2.22,5,301.96,418.23,4432.68,91.85,32.42,0.0,47.12,23,14,1,6,0.0,5.0,5.0,5.0,5.0
2024-01-15 00:00:00+00:00,Karachi,15.0,68,1016.0,2.42,5,275.86,389.65,3738.4,74.03,32.9,0.03,46.1,0,15,1,0,0.0,5.0,5.0,5.0,5.0
2024-01-15 01:00:00+00:00,Karachi,14.6,73,1016.6,2.2,5,272.51,383.89,3524.78,68.55,34.33,0.09,46.1,1,15,1,0,0.0,5.0,5.0,5.0,5.0
2024-01-15 02:00:00+00:00,Karachi,14.1,76,1017.0,2.11,5,307.15,421.29,4058.84,74.71,37.67,0.02,51.17,2,15,1,0,0.0,5.0,5.0,5.0,5.0
2024-01-15 03:00:00+00:00,Karachi,14.7,73,1017.3,1.86,5,444.61,577.84,6568.91,94.59,48.64,0.05,72.96,3,15,1,0,0.0,5.0,5.0,5.0,5.0
2024-01-15 04:00:00+00:00,Karachi,17.5,61,1018.0,1.52,5,597.34,765.03,9933.47,124.75,60.56,1.68,96.26,4,15,1,0,0.0,5.0,5.0,5.0,5.0
2024-01-15 05:00:00+00:00,Karachi,20.4,51,1018.4,1.53,5,671.42,873.1,11856.08,161.77,65.8,6.26,111.46,5,15,1,0,0.0,5.0,5.0,5.0,5.0
2024-01-15 06:00:00+00:00,Karachi,22.0,54,1018.0,1.48,5,685.88,910.38,11642.46,222.09,65.8,17.52,113.49,6,15,1,0,0.0,5.0,5.0,5.0,5.0
2024-01-15 07:00:00+00:00,Karachi,23.0,55,1016.7,2.52,5,418.38,596.38,6034.85,174.11,65.8,65.8,56.74,7,15,1,0,0.0,5.0,5.0,5.0,5.0
2024-01-15 08:00:00+00:00,Karachi,23.4,53,1015.6,3.77,5,350.5,527.64,4379.27,137.09,53.41,110.15,40.02,8,15,1,0,0.0,5.0,5.0,5.0,5.0
2024-01-15 09:00:00+00:00,Karachi,23.7,56,1014.5,4.7,5,291.62,455.88,3284.45,108.3,40.53,133.04,29.13,9,15,1,0,0.0,5.0,5.0,5.0,5.0
2024-01-15 10:00:00+00:00,Karachi,23.7,61,1013.8,4.94,5,224.22,350.64,2216.34,76.09,29.09,130.18,19.51,10,15,1,0,0.0,5.0,5.0,5.0,5.0
2024-01-15 11:00:00+00:00,Karachi,23.3,65,1013.5,4.97,5,167.52,260.48,1535.42,51.41,19.79,110.15,12.92,11,15,1,0,0.0,5.0,5.0,5.0,5.0
2024-01-15 12:00:00+00:00,Karachi,22.6,71,1013.6,4.55,5,123.43,193.96,1148.22,38.73,13.95,89.41,8.87,12,15,1,0,0.0,5.0,5.0,5.0,5.0
2024-01-15 13:00:00+00:00,Karachi,22.1,76,1014.0,3.72,5,76.45,123.27,988.01,39.76,9.54,69.38,7.35,13,15,1,0,0.0,5.0,5.0,5.0,5.0
2024-01-15 14:00:00+00:00,Karachi,21.7,82,1014.5,2.86,3,49.2,81.21,1014.71,45.93,7.87,50.78,8.61,14,15,1,0,-2.0,4.333333333333333,5.0,5.0,5.0
2024-01-15 15:00:00+00:00,Karachi,21.3,86,1014.7,2.42,3,41.17,67.85,1014.71,43.53,7.75,48.64,10.39,15,15,1,0,0.0,3.6666666666666665,3.0,5.0,5.0
2024-01-15 16:00:00+00:00,Karachi,20.8,91,1015.0,2.05,3,45.72,73.94,1081.47,42.16,8.7,47.92,12.54,16,15,1,0,0.0,3.0,3.0,3.0,5.0
2024-01-15 17:00:00+00:00,Karachi,20.4,93,1014.7,2.2,3,49.09,79.09,1054.76,37.01,8.58,52.93,12.54,17,15,1,0,0.0,3.0,3.0,3.0,3.0
2024-01-15 18:00:00+00:00,Karachi,20.2,93,1014.2,2.55,4,50.51,80.93,988.01,32.22,7.99,61.51,11.78,18,15,1,0,1.0,3.3333333333333335,3.0,3.0,3.0
2024-01-15 19:00:00+00:00,Karachi,20.0,93,1013.4,2.91,3,43.22,70.73,821.11,26.05,6.38,70.81,8.74,19,15,1,0,-1.0,3.3333333333333335,4.0,3.0,3.0
2024-01-15 20:00:00+00:00,Karachi,19.7,92,1013.0,2.91,3,32.83,57.11,560.76,17.65,4.41,82.25,4.43,20,15,1,0,0.0,3.3333333333333335,3.0,4.0,3.0
2024-01-15 21:00:00+00:00,Karachi,19.4,90,1012.4,2.91,3,30.73,56.84,423.91,10.97,3.73,90.84,2.79,21,15,1,0,0.0,3.0,3.0,3.0,4.0
2024-01-15 22:00:00+00:00,Karachi,19.4,88,1012.0,3.31,3,31.4,60.86,377.18,7.11,3.43,95.84,2.28,22,15,1,0,0.0,3.0,3.0,3.0,3.0
2024-01-15 23:00:00+00:00,Karachi,19.4,88,1011.7,3.32,3,32.63,65.99,370.5,5.91,3.49,97.27,2.22,23,15,1,0,0.0,3.0,3.0,3.0,3.0
2024-01-16 00:00:00+00:00,Karachi,19.9,88,1011.3,3.31,3,36.53,79.89,373.84,5.83,3.73,98.71,2.22,0,16,1,1,0.0,3.0,3.0,3.0,3.0
2024-01-16 01:00:00+00:00,Karachi,19.0,89,1011.9,2.89,3,43.87,99.42,420.57,7.8,4.41,98.71,2.75,1,16,1,1,0.0,3.0,3.0,3.0,3.0
2024-01-16 02:00:00+00:00,Karachi,18.8,90,1012.3,2.75,4,54.75,118.54,607.49,15.25,5.96,91.55,5.13,2,16,1,1,1.0,3.3333333333333335,3.0,3.0,3.0
2024-01-16 03:00:00+00:00,Karachi,19.4,90,1012.7,2.47,5,80.16,153.03,1188.28,41.13,9.66,65.09,12.03,3,16,1,1,1.0,4.0,4.0,3.0,3.0
2024-01-16 04:00:00+00:00,Karachi,21.7,82,1013.4,2.51,5,105.68,186.09,1949.31,73.34,13.59,32.54,18.49,4,16,1,1,0.0,4.666666666666667,5.0,4.0,3.0
2024-01-16 05:00:00+00:00,Karachi,23.8,72,1013.7,3.0,5,98.67,182.77,1842.5,63.75,13.35,39.34,17.99,5,16,1,1,0.0,5.0,5.0,5.0,4.0
2024-01-16 06:00:00+00:00,Karachi,25.5,60,1013.2,5.3,5,75.15,161.03,1188.28,39.41,10.85,67.23,13.3,6,16,1,1,0.0,5.0,5.0,5.0,5.0
2024-01-16 07:00:00+00:00,Karachi,26.0,58,1011.9,5.22,4,50.34,137.79,480.65,11.14,5.78,100.14,3.7,7,16,1,1,-1.0,4.666666666666667,5.0,5.0,5.0
2024-01-16 08:00:00+00:00,Karachi,26.4,56,1010.7,5.46,4,48.72,138.15,440.6,9.08,5.25,104.43,2.88,8,16,1,1,0.0,4.333333333333333,4.0,5.0,5.0
2024-01-16 09:00:00+00:00,Karachi,26.4,56,1009.8,5.85,4,49.01,138.21,453.95,9.68,5.19,104.43,2.82,9,16,1,1,0.0,4.0,4.0,4.0,5.0
2024-01-16 10:00:00+00:00,Karachi,26.1,58,1009.3,5.71,4,50.01,139.5,480.65,11.48,5.13,101.57,3.07,10,16,1,1,0.0,4.0,4.0,4.0,4.0
2024-01-16 11:00:00+00:00,Karachi,25.5,61,1009.2,5.36,4,51.12,140.05,527.38,15.08,5.3,94.41,3.58,11,16,1,1,0.0,4.0,4.0,4.0,4.0
2024-01-16 12:00:00+00:00,Karachi,24.6,67,1009.2,4.9,4,51.44,139.29,567.44,18.85,5.13,85.83,3.89,12,16,1,1,0.0,4.0,4.0,4.0,4.0
2024-01-16 13:00:00+00:00,Karachi,23.6,74,1009.9,4.0,4,54.28,140.62,787.73,34.62,5.9,62.23,5.83,13,16,1,1,0.0,4.0,4.0,4.0,4.0
2024-01-16 14:00:00+00:00,Karachi,23.1,76,1010.3,2.5,4,60.33,144.33,1081.47,52.09,7.15,36.12,8.74,14,16,1,1,0.0,4.0,4.0,4.0,4.0
2024-01-16 15:00:00+00:00,Karachi,22.4,80,1010.8,1.73,4,70.24,155.58,1281.74,57.58,8.7,25.39,12.79,15,16,1,1,0.0,4.0,4.0,4.0,4.0
2024-01-16 16:00:00+00:00,Karachi,21.9,84,1011.2,0.85,5,93.66,184.58,1735.69,68.55,12.16,11.62,20.27,16,16,1,1,1.0,4.333333333333333,4.0,4.0,4.0
2024-01-16 17:00:00+00:00,Karachi,20.9,91,1011.3,1.2,5,117.38,213.48,2136.23,71.97,14.66,2.37,25.59,17,16,1,1,0.0,4.666666666666667,5.0,4.0,4.0
2024-01-16 18:00:00+00:00,Karachi,20.3,93,1011.2,1.39,5,134.34,234.8,2376.56,69.92,15.97,0.85,29.13,18,16,1,1,0.0,5.0,5.0,5.0,4.0
2024-01-16 19:00:00+00:00,Karachi,20.1,94,1010.7,1.35,5,136.05,236.29,2429.96,69.23,15.74,0.54,27.61,19,16,1,1,0.0,5.0,5.0,5.0,5.0
2024-01-16 20:00:00+00:00,Karachi,19.5,96,1010.5,1.46,5,134.64,230.27,2483.37,74.71,14.9,0.3,22.29,20,16,1,1,0.0,5.0,5.0,5.0,5.0
2024-01-16 21:00:00+00:00,Karachi,19.6,95,1010.5,2.42,5,177.63,273.84,3311.16,85.0,18.36,0.02,24.07,21,16,1,1,0.0,5.0,5.0,5.0,5.0
2024-01-16 22:00:00+00:00,Karachi,18.8,96,1010.3,2.78,5,291.03,394.64,5180.36,105.56,25.27,0.0,30.91,22,16,1,1,0.0,5.0,5.0,5.0,5.0
2024-01-16 23:00:00+00:00,Karachi,18.3,95,1010.1,3.01,5,421.59,536.84,7156.37,128.87,29.8,0.0,33.94,23,16,1,1,0.0,5.0,5.0,5.0,5.0
2024-01-17 00:00:00+00:00,Karachi,18.6,84,1010.4,3.44,5,464.85,573.88,7583.62,137.09,28.37,0.0,29.13,0,17,1,2,0.0,5.0,5.0,5.0,5.0
2024-01-17 01:00:00+00:00,Karachi,20.0,67,1010.7,3.38,5,371.07,469.42,5874.63,115.16,23.13,0.0,22.04,1,17,1,2,0.0,5.0,5.0,5.0,5.0
2024-01-17 02:00:00+00:00,Karachi,19.5,67,1011.3,3.58,5,269.81,365.02,4219.06,85.0,22.65,0.0,22.8,2,17,1,2,0.0,5.0,5.0,5.0,5.0
2024-01-17 03:00:00+00:00,Karachi,18.3,65,1012.0,4.27,5,250.04,355.44,4219.06,77.46,29.33,0.04,40.02,3,17,1,2,0.0,5.0,5.0,5.0,5.0
2024-01-17 04:00:00+00:00,Karachi,19.7,56,1012.8,3.98,5,196.0,317.42,3738.4,85.0,29.33,1.88,44.58,4,17,1,2,0.0,5.0,5.0,5.0,5.0
2024-01-17 05:00:00+00:00,Karachi,22.2,47,1013.4,4.66,5,205.72,332.92,3631.59,89.11,29.56,8.76,46.1,5,17,1,2,0.0,5.0,5.0,5.0,5.0
2024-01-17 06:00:00+00:00,Karachi,24.4,40,1013.1,5.02,5,236.58,364.87,3337.86,87.05,30.28,27.54,43.06,6,17,1,2,0.0,5.0,5.0,5.0,5.0
2024-01-17 07:00:00+00:00,Karachi,25.7,38,1012.0,4.73,5,150.12,266.45,1321.79,33.93,47.21,111.58,12.54,7,17,1,2,0.0,5.0,5.0,5.0,5.0
2024-01-17 08:00:00+00:00,Karachi,26.5,35,1011.1,4.32,5,144.5,264.77,1121.52,30.85,59.13,140.19,8.61,8,17,1,2,0.0,5.0,5.0,5.0,5.0
2024-01-17 09:00:00+00:00,Karachi,27.0,34,1010.6,4.02,5,143.69,267.48,1094.82,32.9,66.76,154.5,7.66,9,17,1,2,0.0,5.0,5.0,5.0,5.0
2024-01-17 10:00:00+00:00,Karachi,27.1,33,1010.2,3.68,5,149.36,277.13,1241.68,41.81,67.71,153.06,9.25,10,17,1,2,0.0,5.0,5.0,5.0,5.0
2024-01-17 11:00:00+00:00,Karachi,26.9,33,1010.3,3.51,5,158.06,289.79,1535.42,56.89,68.66,133.04,12.92,11,17,1,2,0.0,5.0,5.0,5.0,5.0
2024-01-17 12:00:00+00:00,Karachi,26.4,34,1010.8,4.0,5,155.89,288.55,1735.69,72.66,67.71,100.14,15.45,12,17,1,2,0.0,5.0,5.0,5.0,5.0
2024-01-17 13:00:00+00:00,Karachi,25.0,39,1011.7,4.3,5,156.44,290.62,1949.31,85.0,65.8,67.23,16.72,13,17,1,2,0.0,5.0,5.0,5.0,5.0
2024-01-17 14:00:00+00:00,Karachi,23.7,42,1012.7,5.28,5,155.6,289.59,1842.5,74.03,55.79,60.08,15.71,14,17,1,2,0.0,5.0,5.0,5.0,5.0
2024-01-17 15:00:00+00:00,Karachi,22.3,46,1013.3,5.05,5,154.42,284.54,1455.31,49.35,45.3,75.82,13.68,15,17,1,2,0.0,5.0,5.0,5.0,5.0
2024-01-17 16:00:00+00:00,Karachi,21.2,49,1014.0,4.81,5,165.14,289.82,1375.2,39.07,39.58,81.54,14.57,16,17,1,2,0.0,5.0,5.0,5.0,5.0
2024-01-17 17:00:00+00:00,Karachi,20.3,52,1014.6,4.92,5,185.96,305.91,1588.82,38.04,29.56,77.96,19.0,17,17,1,2,0.0,5.0,5.0,5.0,5.0
2024-01-17 18:00:00+00:00,Karachi,19.5,54,1014.8,5.06,5,196.67,310.06,1655.58,36.33,23.6,77.96,21.03,18,17,1,2,0.0,5.0,5.0,5.0,5.0
2024-01-17 19:00:00+00:00,Karachi,18.9,55,1014.6,4.96,5,192.51,295.16,1535.42,32.22,19.31,80.11,17.73,19,17,1,2,0.0,5.0,5.0,5.0,5.0
2024-01-17 20:00:00+00:00,Karachi,18.4,56,1014.6,4.95,5,177.41,266.76,1228.33,23.31,15.5,87.98,11.4,20,17,1,2,0.0,5.0,5.0,5.0,5.0
2024-01-17 21:00:00+00:00,Karachi,18.0,57,1014.5,4.88,5,174.53,255.24,1068.12,16.28,13.95,95.84,9.25,21,17,1,2,0.0,5.0,5.0,5.0,5.0
2024-01-17 22:00:00+00:00,Karachi,17.5,59,1014.5,4.89,5,177.28,251.81,1028.06,13.54,13.71,98.71,9.12,22,17,1,2,0.0,5.0,5.0,5.0,5.0
2024-01-17 23:00:00+00:00,Karachi,17.0,63,1014.5,4.69,5,181.79,252.82,1041.41,13.02,14.07,98.71,9.37,23,17,1,2,0.0,5.0,5.0,5.0,5.0
2024-01-18 00:00:00+00:00,Karachi,16.5,64,1014.7,4.56,5,186.56,254.78,1054.76,13.37,14.66,95.84,9.75,0,18,1,3,0.0,5.0,5.0,5.0,5.0
2024-01-18 01:00:00+00:00,Karachi,15.7,68,1015.2,4.1,5,194.61,260.26,1134.87,15.77,15.74,92.98,10.39,1,18,1,3,0.0,5.0,5.0,5.0,5.0
2024-01-18 02:00:00+00:00,Karachi,15.2,69,1015.5,3.72,5,212.03,277.32,1415.25,25.36,18.84,85.12,14.69,2,18,1,3,0.0,5.0,5.0,5.0,5.0
2024-01-18 03:00:00+00:00,Karachi,15.5,67,1016.1,3.18,5,252.47,324.51,2243.04,54.84,25.03,61.51,25.59,3,18,1,3,0.0,5.0,5.0,5.0,5.0
2024-01-18 04:00:00+00:00,Karachi,17.5,58,1016.7,3.13,5,277.27,356.97,2937.32,77.46,29.8,46.49,32.93,4,18,1,3,0.0,5.0,5.0,5.0,5.0
2024-01-18 05:00:00+00:00,Karachi,19.8,50,1017.1,3.52,5,271.99,353.09,2937.32,75.4,32.9,56.51,32.42,5,18,1,3,0.0,5.0,5.0,5.0,5.0
2024-01-18 06:00:00+00:00,Karachi,22.3,43,1017.0,3.61,5,259.67,337.5,2510.07,61.69,36.72,86.55,27.36,6,18,1,3,0.0,5.0,5.0,5.0,5.0
2024-01-18 07:00:00+00:00,Karachi,24.4,36,1015.9,3.79,5,233.7,305.02,1922.61,44.55,42.44,124.45,17.99,7,18,1,3,0.0,5.0,5.0,5.0,5.0
2024-01-18 08:00:00+00:00,Karachi,25.7,31,1014.9,3.31,5,216.78,284.63,1642.23,38.04,51.02,150.2,12.92,8,18,1,3,0.0,5.0,5.0,5.0,5.0
2024-01-18 09:00:00+00:00,Karachi,26.5,28,1014.0,2.9,5,202.42,268.19,1468.66,35.3,57.7,163.08,10.26,9,18,1,3,0.0,5.0,5.0,5.0,5.0
2024-01-18 10:00:00+00:00,Karachi,27.0,27,1013.5,2.93,5,208.32,276.65,1735.69,49.35,62.94,155.93,13.43,10,18,1,3,0.0,5.0,5.0,5.0,5.0
2024-01-18 11:00:00+00:00,Karachi,27.0,26,1013.2,2.79,5,225.28,301.79,2429.96,82.25,67.71,125.89,21.53,11,18,1,3,0.0,5.0,5.0,5.0,5.0
2024-01-18 12:00:00+00:00,Karachi,26.4,27,1013.5,1.92,5,213.03,294.71,2883.91,116.53,67.71,80.11,27.11,12,18,1,3,0.0,5.0,5.0,5.0,5.0
2024-01-18 13:00:00+00:00,Karachi,24.1,45,1014.2,2.25,5,228.34,321.22,4165.65,172.73,69.62,12.52,39.52,13,18,1,3,0.0,5.0,5.0,5.0,5.0
2024-01-18 14:00:00+00:00,Karachi,22.4,57,1015.1,2.98,5,287.18,395.43,6301.88,189.19,73.43,0.0,59.28,14,18,1,3,0.0,5.0,5.0,5.0,5.0
2024-01-18 15:00:00+00:00,Karachi,21.4,60,1015.7,1.97,5,392.96,520.33,8331.3,200.15,75.34,0.0,82.08,15,18,1,3,0.0,5.0,5.0,5.0,5.0
2024-01-18 16:00:00+00:00,Karachi,20.4,65,1016.2,0.81,5,548.0,699.6,10574.34,216.6,79.15,0.0,112.47,16,18,1,3,0.0,5.0,5.0,5.0,5.0
2024-01-18 17:00:00+00:00,Karachi,19.3,66,1016.2,1.55,5,732.77,909.96,12924.19,230.31,85.83,0.0,147.94,17,18,1,3,0.0,5.0,5.0,5.0,5.0
2024-01-18 18:00:00+00:00,Karachi,18.7,64,1016.1,1.92,5,849.63,1040.75,13885.5,235.8,92.51,0.0,178.34,18,18,1,3,0.0,5.0,5.0,5.0,5.0
2024-01-18 19:00:00+00:00,Karachi,18.1,58,1015.8,2.62,5,760.86,936.1,12069.7,205.64,81.06,0.0,160.1,19,18,1,3,0.0,5.0,5.0,5.0,5.0
2024-01-18 20:00:00+00:00,Karachi,17.3,57,1015.6,2.77,5,501.61,628.84,7797.24,149.43,49.59,0.0,92.21,20,18,1,3,0.0,5.0,5.0,5.0,5.0
2024-01-18 21:00:00+00:00,Karachi,16.5,59,1015.7,2.97,5,300.64,382.67,4058.84,93.22,27.42,0.32,45.09,21,18,1,3,0.0,5.0,5.0,5.0,5.0
2024-01-18 22:00:00+00:00,Karachi,15.9,61,1015.7,3.2,5,219.42,278.86,2349.85,53.47,19.55,16.81,28.12,22,18,1,3,0.0,5.0,5.0,5.0,5.0
2024-01-18 23:00:00+00:00,Karachi,15.5,64,1015.5,3.2,5,204.87,258.72,1922.61,33.59,18.36,44.7,25.33,23,18,1,3,0.0,5.0,5.0,5.0,5.0
2024-01-19 00:00:00+00:00,Karachi,15.3,65,1015.5,2.98,5,203.79,258.1,1842.5,30.5,18.6,56.51,24.83,0,19,1,4,0.0,5.0,5.0,5.0,5.0
2024-01-19 01:00:00+00:00,Karachi,14.5,63,1015.7,3.11,5,205.11,261.97,1922.61,34.96,19.55,56.51,26.09,1,19,1,4,0.0,5.0,5.0,5.0,5.0
2024-01-19 02:00:00+00:00,Karachi,14.2,61,1016.5,3.04,5,229.53,292.45,2510.07,57.58,22.89,40.77,33.94,2,19,1,4,0.0,5.0,5.0,5.0,5.0
2024-01-19 03:00:00+00:00,Karachi,14.9,55,1017.0,3.0,5,317.97,400.92,4432.68,108.3,32.9,4.92,58.77,3,19,1,4,0.0,5.0,5.0,5.0,5.0
2024-01-19 04:00:00+00:00,Karachi,17.6,44,1017.4,2.42,5,386.7,497.12,6408.69,122.01,41.96,4.29,78.02,4,19,1,4,0.0,5.0,5.0,5.0,5.0
2024-01-19 05:00:00+00:00,Karachi,20.9,34,1017.9,2.51,5,384.28,516.11,6835.94,131.61,45.78,9.83,80.05,5,19,1,4,0.0,5.0,5.0,5.0,5.0
2024-01-19 06:00:00+00:00,Karachi,23.5,27,1017.6,2.75,5,352.09,496.49,5981.45,134.35,46.25,22.17,71.94,6,19,1,4,0.0,5.0,5.0,5.0,5.0
2024-01-19 07:00:00+00:00,Karachi,24.8,26,1016.5,2.47,5,290.08,428.43,4272.46,119.27,48.16,52.93,50.66,7,19,1,4,0.0,5.0,5.0,5.0,5.0
2024-01-19 08:00:00+00:00,Karachi,25.5,26,1015.5,2.11,5,339.62,493.35,4913.33,139.83,55.31,69.38,57.76,8,19,1,4,0.0,5.0,5.0,5.0,5.0
2024-01-19 09:00:00+00:00,Karachi,26.0,26,1014.6,2.71,5,375.24,539.24,5340.58,164.51,70.57,82.97,63.84,9,19,1,4,0.0,5.0,5.0,5.0,5.0
2024-01-19 10:00:00+00:00,Karachi,25.8,28,1013.8,3.86,5,385.43,555.04,5447.39,189.19,78.2,83.68,65.86,10,19,1,4,0.0,5.0,5.0,5.0,5.0
2024-01-19 11:00:00+00:00,Karachi,25.3,30,1013.4,4.12,5,346.39,510.92,4806.52,183.7,64.85,70.81,55.73,11,19,1,4,0.0,5.0,5.0,5.0,5.0
2024-01-19 12:00:00+00:00,Karachi,24.4,32,1013.7,4.24,5,268.81,412.88,3578.19,154.91,47.68,52.21,38.0,12,19,1,4,0.0,5.0,5.0,5.0,5.0
2024-01-19 13:00:00+00:00,Karachi,23.0,37,1014.6,3.2,5,227.05,346.97,3177.64,152.17,45.78,16.99,29.39,13,19,1,4,0.0,5.0,5.0,5.0,5.0
2024-01-19 14:00:00+00:00,Karachi,22.4,41,1015.2,2.79,5,219.65,322.43,3284.45,150.8,51.02,1.25,27.87,14,19,1,4,0.0,5.0,5.0,5.0,5.0
2024-01-19 15:00:00+00:00,Karachi,21.4,53,1015.9,3.14,5,221.61,313.86,2883.91,130.24,55.31,21.99,26.85,15,19,1,4,0.0,5.0,5.0,5.0,5.0
2024-01-19 16:00:00+00:00,Karachi,20.5,67,1016.3,2.87,5,263.04,355.03,3097.53,120.64,54.36,41.84,34.96,16,19,1,4,0.0,5.0,5.0,5.0,5.0
2024-01-19 17:00:00+00:00,Karachi,19.5,77,1016.3,1.77,5,340.19,438.34,4165.65,143.95,50.54,17.17,50.66,17,19,1,4,0.0,5.0,5.0,5.0,5.0
2024-01-19 18:00:00+00:00,Karachi,18.8,83,1016.2,1.21,5,422.76,526.55,5233.76,159.03,48.16,2.08,60.8,18,19,1,4,0.0,5.0,5.0,5.0,5.0
2024-01-19 19:00:00+00:00,Karachi,18.1,87,1016.0,1.4,5,485.78,590.05,6141.66,165.88,45.3,0.06,57.76,19,19,1,4,0.0,5.0,5.0,5.0,5.0
2024-01-19 20:00:00+00:00,Karachi,17.5,91,1015.9,2.56,5,514.63,609.12,6515.5,171.36,38.15,0.02,42.56,20,19,1,4,0.0,5.0,5.0,5.0,5.0
2024-01-19 21:00:00+00:00,Karachi,16.8,94,1015.8,2.1,5,511.39,593.29,6088.26,159.03,29.33,0.08,29.13,21,19,1,4,0.0,5.0,5.0,5.0,5.0
2024-01-19 22:00:00+00:00,Karachi,16.4,93,1015.5,2.01,5,431.3,500.59,4432.68,111.04,20.98,3.22,19.76,22,19,1,4,0.0,5.0,5.0,5.0,5.0
2024-01-19 23:00:00+00:00,Karachi,16.2,93,1015.3,1.8,5,354.59,416.67,3124.24,67.86,16.93,18.6,15.2,23,19,1,4,0.0,5.0,5.0,5.0,5.0
2024-01-20 00:00:00+00:00,Karachi,16.2,93,1015.2,1.63,5,329.48,387.15,2643.59,50.72,16.45,39.7,13.81,0,20,1,5,0.0,5.0,5.0,5.0,5.0
2024-01-20 01:00:00+00:00,Karachi,16.7,87,1015.7,1.04,5,336.94,389.78,2723.69,50.72,18.36,52.93,14.31,1,20,1,5,0.0,5.0,5.0,5.0,5.0
2024-01-20 02:00:00+00:00,Karachi,17.4,84,1016.4,0.78,5,373.15,434.47,3337.86,70.6,22.41,44.7,19.25,2,20,1,5,0.0,5.0,5.0,5.0,5.0
2024-01-20 03:00:00+00:00,Karachi,17.2,86,1016.6,1.7,5,468.2,548.92,5126.95,127.49,30.99,7.78,35.46,3,20,1,5,0.0,5.0,5.0,5.0,5.0
2024-01-20 04:00:00+00:00,Karachi,19.7,77,1017.7,1.61,5,545.53,658.45,6942.75,152.17,40.53,3.71,52.18,4,20,1,5,0.0,5.0,5.0,5.0,5.0
2024-01-20 05:00:00+00:00,Karachi,21.7,73,1018.4,2.52,5,548.91,689.36,7263.18,159.03,42.44,12.87,56.24,5,20,1,5,0.0,5.0,5.0,5.0,5.0
2024-01-20 06:00:00+00:00,Karachi,22.9,68,1018.2,2.06,5,493.0,642.44,5981.45,150.8,38.15,42.2,47.12,6,20,1,5,0.0,5.0,5.0,5.0,5.0
2024-01-20 07:00:00+00:00,Karachi,23.8,64,1017.4,2.6,5,296.19,389.1,2403.26,59.63,26.46,134.47,12.54,7,20,1,5,0.0,5.0,5.0,5.0,5.0
2024-01-20 08:00:00+00:00,Karachi,24.2,64,1016.5,3.5,5,264.57,346.96,2002.72,46.61,19.79,157.36,10.26,8,20,1,5,0.0,5.0,5.0,5.0,5.0
2024-01-20 09:00:00+00:00,Karachi,24.4,65,1015.9,4.42,5,229.17,295.71,1815.8,43.87,15.97,154.5,9.75,9,20,1,5,0.0,5.0,5.0,5.0,5.0
2024-01-20 10:00:00+00:00,Karachi,24.3,62,1015.3,4.2,5,165.41,210.9,1428.6,38.04,11.92,133.04,8.36,10,20,1,5,0.0,5.0,5.0,5.0,5.0
2024-01-20 11:00:00+00:00,Karachi,24.2,63,1015.0,4.0,5,117.09,151.49,1094.82,31.53,9.06,113.01,6.97,11,20,1,5,0.0,5.0,5.0,5.0,5.0
2024-01-20 12:00:00+00:00,Karachi,24.0,63,1015.3,4.02,5,91.19,120.46,827.79,23.31,7.09,108.72,4.69,12,20,1,5,0.0,5.0,5.0,5.0,5.0
2024-01-20 13:00:00+00:00,Karachi,23.3,65,1015.8,3.74,5,76.54,100.69,654.22,15.77,5.72,110.15,2.15,13,20,1,5,0.0,5.0,5.0,5.0,5.0
2024-01-20 14:00:00+00:00,Karachi,22.6,70,1016.5,2.75,4,73.08,96.3,734.33,20.56,5.96,100.14,3.45,14,20,1,5,-1.0,4.666666666666667,5.0,5.0,5.0
2024-01-20 15:00:00+00:00,Karachi,22.0,75,1017.1,1.91,4,70.3,92.64,781.06,22.28,6.5,94.41,5.32,15,20,1,5,0.0,4.333333333333333,4.0,5.0,5.0
2024-01-20 16:00:00+00:00,Karachi,21.2,80,1017.5,1.51,5,92.29,120.65,1375.2,47.3,10.25,61.51,14.95,16,20,1,5,1.0,4.333333333333333,4.0,4.0,5.0
2024-01-20 17:00:00+00:00,Karachi,20.3,86,1017.5,1.43,5,122.81,158.09,2029.42,73.34,14.07,25.75,23.81,17,20,1,5,0.0,4.666666666666667,5.0,4.0,4.0
2024-01-20 18:00:00+00:00,Karachi,19.7,90,1017.3,1.24,5,144.67,183.72,2456.67,82.94,16.45,6.88,28.88,18,20,1,5,0.0,5.0,5.0,5.0,4.0
2024-01-20 19:00:00+00:00,Karachi,18.9,93,1016.9,1.56,5,153.6,192.73,2696.99,81.57,16.45,0.93,27.87,19,20,1,5,0.0,5.0,5.0,5.0,5.0
2024-01-20 20:00:00+00:00,Karachi,18.4,93,1016.5,2.12,5,160.41,195.27,2857.21,82.25,15.26,0.18,21.79,20,20,1,5,0.0,5.0,5.0,5.0,5.0
2024-01-20 21:00:00+00:00,Karachi,17.7,94,1016.5,2.6,5,179.18,211.18,3070.83,85.0,15.26,0.08,19.0,21,20,1,5,0.0,5.0,5.0,5.0,5.0
2024-01-20 22:00:00+00:00,Karachi,17.5,94,1016.0,2.51,5,180.49,205.06,2883.91,75.4,14.54,0.16,16.97,22,20,1,5,0.0,5.0,5.0,5.0,5.0
2024-01-20 23:00:00+00:00,Karachi,17.1,94,1015.8,2.51,5,172.14,192.82,2643.59,64.43,14.42,0.46,16.09,23,20,1,5,0.0,5.0,5.0,5.0,5.0
2024-01-21 00:00:00+00:00,Karachi,16.9,95,1015.8,2.56,5,163.93,184.85,2483.37,58.26,15.02,1.4,15.96,0,21,1,6,0.0,5.0,5.0,5.0,5.0
2024-01-21 01:00:00+00:00,Karachi,16.5,96,1016.7,2.76,5,146.39,172.7,2269.74,52.09,15.5,2.75,15.96,1,21,1,6,0.0,5.0,5.0,5.0,5.0
2024-01-21 02:00:00+00:00,Karachi,16.3,90,1017.2,3.02,5,141.16,177.65,2376.56,54.84,17.17,1.65,19.51,2,21,1,6,0.0,5.0,5.0,5.0,5.0
2024-01-21 03:00:00+00:00,Karachi,16.9,71,1017.8,2.95,5,193.89,254.32,3417.97,71.97,23.13,0.19,33.44,3,21,1,6,0.0,5.0,5.0,5.0,5.0
2024-01-21 04:00:00+00:00,Karachi,19.1,54,1018.6,2.53,5,232.35,330.56,3578.19,82.94,24.32,6.35,38.5,4,21,1,6,0.0,5.0,5.0,5.0,5.0
2024-01-21 05:00:00+00:00,Karachi,21.9,43,1019.2,3.22,5,257.43,378.75,3471.37,82.94,25.03,19.49,40.02,5,21,1,6,0.0,5.0,5.0,5.0,5.0
2024-01-21 06:00:00+00:00,Karachi,24.5,34,1018.9,4.3,5,245.75,369.78,2857.21,70.6,25.51,52.93,33.44,6,21,1,6,0.0,5.0,5.0,5.0,5.0
2024-01-21 07:00:00+00:00,Karachi,25.8,31,1017.8,4.15,5,204.98,318.07,1708.98,42.84,43.87,111.58,15.33,7,21,1,6,0.0,5.0,5.0,5.0,5.0
2024-01-21 08:00:00+00:00,Karachi,26.4,31,1016.5,3.74,5,230.84,344.71,2082.82,54.84,48.16,128.75,18.49,8,21,1,6,0.0,5.0,5.0,5.0,5.0
2024-01-21 09:00:00+00:00,Karachi,26.6,31,1015.4,3.47,5,229.46,334.19,2243.04,65.12,52.93,143.05,20.01,9,21,1,6,0.0,5.0,5.0,5.0,5.0
2024-01-21 10:00:00+00:00,Karachi,26.4,32,1014.8,3.44,5,218.09,318.23,2269.74,73.34,49.11,143.05,20.77,10,21,1,6,0.0,5.0,5.0,5.0,5.0
2024-01-21 11:00:00+00:00,Karachi,26.0,33,1014.6,3.77,5,209.96,313.35,2189.64,77.46,40.05,128.75,20.01,11,21,1,6,0.0,5.0,5.0,5.0,5.0
2024-01-21 12:00:00+00:00,Karachi,25.2,36,1014.6,4.07,5,192.34,295.72,1922.61,75.4,28.61,107.29,16.97,12,21,1,6,0.0,5.0,5.0,5.0,5.0
2024-01-21 13:00:00+00:00,Karachi,24.1,43,1016.0,2.94,5,179.59,275.55,1842.5,82.25,20.27,78.68,14.95,13,21,1,6,0.0,5.0,5.0,5.0,5.0
2024-01-21 14:00:00+00:00,Karachi,22.9,51,1016.2,3.01,5,173.28,259.76,1735.69,76.77,14.31,63.66,13.55,14,21,1,6,0.0,5.0,5.0,5.0,5.0
2024-01-21 15:00:00+00:00,Karachi,22.0,58,1016.4,2.75,5,169.16,246.48,1482.01,56.89,10.61,75.82,12.79,15,21,1,6,0.0,5.0,5.0,5.0,5.0
2024-01-21 16:00:00+00:00,Karachi,20.8,70,1016.8,1.43,5,186.92,262.84,1655.58,56.89,11.32,72.96,17.73,16,21,1,6,0.0,5.0,5.0,5.0,5.0
2024-01-21 17:00:00+00:00,Karachi,20.2,66,1017.2,2.22,5,230.11,311.84,2349.85,76.77,15.74,49.35,28.63,17,21,1,6,0.0,5.0,5.0,5.0,5.0
2024-01-21 18:00:00+00:00,Karachi,19.3,64,1017.1,2.35,5,293.49,381.06,3337.86,104.19,23.13,22.89,44.08,18,21,1,6,0.0,5.0,5.0,5.0,5.0
2024-01-21 19:00:00+00:00,Karachi,18.2,71,1016.6,1.61,5,341.16,429.43,4112.24,124.75,29.33,3.89,55.22,19,21,1,6,0.0,5.0,5.0,5.0,5.0
2024-01-21 20:00:00+00:00,Karachi,17.6,74,1016.2,1.84,5,353.42,434.81,4379.27,127.49,29.56,0.64,50.66,20,21,1,6,0.0,5.0,5.0,5.0,5.0
2024-01-21 21:00:00+00:00,Karachi,17.4,74,1016.0,2.24,5,371.01,448.52,4592.9,124.75,30.52,0.2,46.1,21,21,1,6,0.0,5.0,5.0,5.0,5.0
2024-01-21 22:00:00+00:00,Karachi,16.6,74,1015.4,2.48,5,366.97,440.1,4325.87,112.41,29.8,0.6,39.52,22,21,1,6,0.0,5.0,5.0,5.0,5.0
2024-01-21 23:00:00+00:00,Karachi,16.2,72,1015.1,2.01,5,346.5,413.94,3845.21,94.59,27.66,2.21,33.44,23,21,1,6,0.0,5.0,5.0,5.0,5.0
2024-01-22 00:00:00+00:00,Karachi,16.4,71,1014.9,2.14,5,336.29,399.69,3524.78,82.94,26.7,4.69,30.4,0,22,1,0,0.0,5.0,5.0,5.0,5.0
2024-01-22 01:00:00+00:00,Karachi,15.8,66,1015.9,1.87,5,342.86,405.06,3524.78,80.88,27.66,4.69,30.65,1,22,1,0,0.0,5.0,5.0,5.0,5.0
2024-01-22 02:00:00+00:00,Karachi,15.7,69,1016.5,2.11,5,388.95,453.91,4272.46,94.59,32.9,0.7,39.52,2,22,1,0,0.0,5.0,5.0,5.0,5.0
2024-01-22 03:00:00+00:00,Karachi,16.4,66,1017.1,1.75,5,540.99,623.15,6942.75,128.87,47.21,0.02,66.88,3,22,1,0,0.0,5.0,5.0,5.0,5.0
2024-01-22 04:00:00+00:00,Karachi,18.9,55,1017.8,0.99,5,732.49,842.79,11108.4,171.36,63.9,0.93,100.31,4,22,1,0,0.0,5.0,5.0,5.0,5.0
2024-01-22 05:00:00+00:00,Karachi,21.6,44,1018.5,0.63,5,859.14,989.66,13885.5,219.35,73.43,5.72,124.63,5,22,1,0,0.0,5.0,5.0,5.0,5.0
2024-01-22 06:00:00+00:00,Karachi,23.0,44,1018.3,0.81,5,959.06,1094.45,15167.24,315.31,79.15,24.32,126.66,6,22,1,0,0.0,5.0,5.0,5.0,5.0
2024-01-22 07:00:00+00:00,Karachi,23.9,46,1017.2,1.99,5,405.51,464.55,5447.39,168.62,77.25,113.01,40.02,7,22,1,0,0.0,5.0,5.0,5.0,5.0
2024-01-22 08:00:00+00:00,Karachi,24.5,47,1016.0,3.28,5,337.36,390.84,3791.81,113.79,51.02,174.52,25.59,8,22,1,0,0.0,5.0,5.0,5.0,5.0
2024-01-22 09:00:00+00:00,Karachi,24.5,53,1015.2,4.25,5,283.53,331.63,2830.51,78.83,31.47,200.27,19.76,9,22,1,0,0.0,5.0,5.0,5.0,5.0
2024-01-22 10:00:00+00:00,Karachi,24.5,57,1015.1,4.63,5,167.21,199.16,1842.5,50.72,17.64,165.94,14.82,10,22,1,0,0.0,5.0,5.0,5.0,5.0
2024-01-22 11:00:00+00:00,Karachi,24.2,59,1015.0,4.94,4,67.92,85.22,1108.17,33.59,9.78,111.58,10.39,11,22,1,0,-1.0,4.666666666666667,5.0,5.0,5.0
2024-01-22 12:00:00+00:00,Karachi,23.6,63,1015.3,5.07,3,25.42,35.92,687.6,21.42,6.38,86.55,6.08,12,22,1,0,-1.0,4.0,4.0,5.0,5.0
2024-01-22 13:00:00+00:00,Karachi,22.7,69,1015.9,4.75,2,12.41,20.04,494.0,14.39,4.89,80.82,3.17,13,22,1,0,-1.0,3.0,3.0,4.0,5.0
2024-01-22 14:00:00+00:00,Karachi,22.0,74,1016.5,3.61,2,11.92,20.51,547.41,18.51,5.36,72.24,3.96,14,22,1,0,0.0,2.3333333333333335,2.0,3.0,4.0
2024-01-22 15:00:00+00:00,Karachi,21.3,80,1016.9,3.1,2,14.07,27.46,560.76,18.34,5.6,72.24,5.07,15,22,1,0,0.0,2.0,2.0,2.0,3.0
2024-01-22 16:00:00+00:00,Karachi,20.6,86,1017.3,2.43,2,24.22,47.27,734.33,24.68,6.79,65.8,8.74,16,22,1,0,0.0,2.0,2.0,2.0,2.0
2024-01-22 17:00:00+00:00,Karachi,19.8,89,1017.5,2.3,3,35.18,67.23,867.84,28.79,7.57,60.8,11.27,17,22,1,0,1.0,2.3333333333333335,2.0,2.0,2.0
2024-01-22 18:00:00+00:00,Karachi,19.6,89,1017.5,2.83,3,44.2,83.77,947.95,29.47,7.87,61.51,12.03,18,22,1,0,0.0,2.6666666666666665,3.0,2.0,2.0
2024-01-22 19:00:00+00:00,Karachi,19.2,89,1017.3,2.69,3,48.29,92.53,988.01,31.53,7.57,61.51,11.27,19,22,1,0,0.0,3.0,3.0,3.0,2.0
2024-01-22 20:00:00+00:00,Karachi,18.5,91,1016.9,2.34,3,46.21,90.81,947.95,32.56,6.91,62.23,8.74,20,22,1,0,0.0,3.0,3.0,3.0,3.0
2024-01-22 21:00:00+00:00,Karachi,18.7,89,1016.7,1.42,3,49.67,96.37,961.3,30.85,7.51,64.37,9.12,21,22,1,0,0.0,3.0,3.0,3.0,3.0
2024-01-22 22:00:00+00:00,Karachi,17.7,92,1016.4,1.65,4,60.7,110.38,1081.47,30.16,9.18,65.09,11.27,22,22,1,0,1.0,3.3333333333333335,3.0,3.0,3.0
2024-01-22 23:00:00+00:00,Karachi,17.0,95,1016.1,2.48,5,83.9,135.47,1415.25,37.36,12.4,54.36,15.71,23,22,1,0,1.0,4.0,4.0,3.0,3.0
2024-01-23 00:00:00+00:00,Karachi,16.4,95,1015.7,2.44,5,125.32,181.17,2029.42,52.78,18.12,35.05,22.29,0,23,1,1,0.0,4.666666666666667,5.0,4.0,3.0
2024-01-23 01:00:00+00:00,Karachi,15.7,95,1016.5,2.69,5,173.11,234.06,2830.51,72.66,24.08,12.7,28.37,1,23,1,1,0.0,5.0,5.0,5.0,4.0
2024-01-23 02:00:00+00:00,Karachi,15.5,95,1016.9,2.55,5,219.32,284.37,3738.4,86.37,27.66,0.7,32.42,2,23,1,1,0.0,5.0,5.0,5.0,5.0
2024-01-23 03:00:00+00:00,Karachi,16.0,92,1017.3,2.55,5,326.13,395.77,5981.45,100.08,35.76,0.1,47.12,3,23,1,1,0.0,5.0,5.0,5.0,5.0
2024-01-23 04:00:00+00:00,Karachi,18.4,81,1018.3,3.18,5,437.29,535.25,8865.36,117.9,45.3,2.59,63.33,4,23,1,1,0.0,5.0,5.0,5.0,5.0
2024-01-23 05:00:00+00:00,Karachi,21.6,64,1018.7,3.18,5,482.8,619.67,10253.91,141.2,52.45,8.23,82.08,5,23,1,1,0.0,5.0,5.0,5.0,5.0
2024-01-23 06:00:00+00:00,Karachi,23.9,50,1018.5,3.2,5,480.48,645.21,9613.04,183.7,55.79,22.71,99.3,6,23,1,1,0.0,5.0,5.0,5.0,5.0
2024-01-23 07:00:00+00:00,Karachi,25.2,38,1017.5,2.47,5,284.43,407.56,5340.58,146.69,54.84,72.96,60.8,7,23,1,1,0.0,5.0,5.0,5.0,5.0
2024-01-23 08:00:00+00:00,Karachi,26.0,32,1016.3,1.49,5,318.46,439.59,5393.98,160.4,70.57,108.72,64.85,8,23,1,1,0.0,5.0,5.0,5.0,5.0
2024-01-23 09:00:00+00:00,Karachi,26.1,32,1015.3,2.1,5,402.57,534.89,6034.85,197.41,86.78,141.62,69.92,9,23,1,1,0.0,5.0,5.0,5.0,5.0
2024-01-23 10:00:00+00:00,Karachi,25.4,50,1014.9,4.43,5,455.1,592.23,5661.01,205.64,82.02,181.67,58.26,10,23,1,1,0.0,5.0,5.0,5.0,5.0
2024-01-23 11:00:00+00:00,Karachi,24.6,53,1014.8,5.94,5,395.95,511.88,4058.84,152.17,55.79,217.44,33.44,11,23,1,1,0.0,5.0,5.0,5.0,5.0
2024-01-23 12:00:00+00:00,Karachi,24.3,43,1015.2,5.3,5,250.6,337.82,2323.15,75.4,32.42,226.02,14.31,12,23,1,1,0.0,5.0,5.0,5.0,5.0
2024-01-23 13:00:00+00:00,Karachi,22.9,50,1016.0,3.59,5,137.79,211.96,1415.25,45.24,26.94,175.95,7.6,13,23,1,1,0.0,5.0,5.0,5.0,5.0
2024-01-23 14:00:00+00:00,Karachi,22.0,62,1016.2,2.7,5,91.79,162.34,1321.79,55.52,30.52,100.14,10.01,14,23,1,1,0.0,5.0,5.0,5.0,5.0
2024-01-23 15:00:00+00:00,Karachi,21.0,69,1016.6,1.68,5,75.45,142.08,1361.85,61.69,35.29,59.37,14.19,15,23,1,1,0.0,5.0,5.0,5.0,5.0
2024-01-23 16:00:00+00:00,Karachi,20.1,74,1017.0,1.12,5,109.09,179.84,2216.34,90.48,38.62,20.38,29.39,16,23,1,1,0.0,5.0,5.0,5.0,5.0
2024-01-23 17:00:00+00:00,Karachi,19.6,64,1017.2,2.77,5,208.32,295.13,4165.65,111.04,46.25,0.06,57.76,17,23,1,1,0.0,5.0,5.0,5.0,5.0
2024-01-23 18:00:00+00:00,Karachi,19.1,52,1017.0,3.16,5,439.62,561.32,8117.68,139.83,66.76,0.0,106.39,18,23,1,1,0.0,5.0,5.0,5.0,5.0
2024-01-23 19:00:00+00:00,Karachi,17.8,56,1016.7,2.78,5,737.33,907.86,13031.01,197.41,86.78,0.0,151.99,19,23,1,1,0.0,5.0,5.0,5.0,5.0
2024-01-23 20:00:00+00:00,Karachi,16.6,63,1016.6,2.78,5,827.94,1013.23,14312.74,222.09,87.74,0.0,151.99,20,23,1,1,0.0,5.0,5.0,5.0,5.0
2024-01-23 21:00:00+00:00,Karachi,15.6,67,1016.6,2.59,5,671.67,829.8,11108.4,189.19,73.43,0.0,125.65,21,23,1,1,0.0,5.0,5.0,5.0,5.0
2024-01-23 22:00:00+00:00,Karachi,14.8,72,1016.6,2.33,5,444.07,561.59,6729.13,128.87,55.31,0.0,90.18,22,23,1,1,0.0,5.0,5.0,5.0,5.0
2024-01-23 23:00:00+00:00,Karachi,14.2,75,1016.4,2.13,5,321.91,419.82,4325.87,86.37,39.1,0.01,59.78,23,23,1,1,0.0,5.0,5.0,5.0,5.0
2024-01-24 00:00:00+00:00,Karachi,13.7,78,1016.3,2.15,5,280.79,375.42,3364.56,69.23,30.99,0.2,42.56,0,24,1,2,0.0,5.0,5.0,5.0,5.0
2024-01-24 01:00:00+00:00,Karachi,12.5,83,1016.9,2.51,5,267.81,364.77,3017.43,65.12,26.7,0.84,32.93,1,24,1,2,0.0,5.0,5.0,5.0,5.0
2024-01-24 02:00:00+00:00,Karachi,12.1,84,1017.9,2.52,5,291.07,395.94,3471.37,71.29,27.42,0.27,33.44,2,24,1,2,0.0,5.0,5.0,5.0,5.0
2024-01-24 03:00:00+00:00,Karachi,12.9,78,1018.4,2.39,5,411.85,541.39,5767.82,91.85,36.72,0.08,51.68,3,24,1,2,0.0,5.0,5.0,5.0,5.0
2024-01-24 04:00:00+00:00,Karachi,15.9,64,1019.1,2.16,5,533.41,703.46,8651.73,115.16,46.73,2.26,69.92,4,24,1,2,0.0,5.0,5.0,5.0,5.0
2024-01-24 05:00:00+00:00,Karachi,19.2,52,1019.3,2.51,5,540.78,750.88,9292.6,131.61,49.59,8.14,82.08,5,24,1,2,0.0,5.0,5.0,5.0,5.0
2024-01-24 06:00:00+00:00,Karachi,21.9,43,1019.0,2.95,5,472.01,692.38,7476.81,143.95,46.73,22.89,79.04,6,24,1,2,0.0,5.0,5.0,5.0,5.0
2024-01-24 07:00:00+00:00,Karachi,23.5,39,1017.9,2.97,5,228.3,355.54,2323.15,70.6,81.06,83.68,22.29,7,24,1,2,0.0,5.0,5.0,5.0,5.0
2024-01-24 08:00:00+00:00,Karachi,24.4,36,1016.7,3.1,5,200.14,312.49,1615.52,51.41,84.88,111.58,14.31,8,24,1,2,0.0,5.0,5.0,5.0,5.0
2024-01-24 09:00:00+00:00,Karachi,24.7,36,1015.5,3.61,5,186.77,292.14,1361.85,42.16,75.34,131.61,10.64,9,24,1,2,0.0,5.0,5.0,5.0,5.0
2024-01-24 10:00:00+00:00,Karachi,24.6,37,1015.0,3.85,5,156.81,246.87,1054.76,32.22,54.84,144.48,6.33,10,24,1,2,0.0,5.0,5.0,5.0,5.0
2024-01-24 11:00:00+00:00,Karachi,24.2,36,1014.6,3.57,5,136.8,216.43,961.3,29.47,35.29,145.91,5.76,11,24,1,2,0.0,5.0,5.0,5.0,5.0
2024-01-24 12:00:00+00:00,Karachi,23.6,37,1014.7,3.19,5,122.39,194.85,934.6,30.85,26.46,135.9,5.89,12,24,1,2,0.0,5.0,5.0,5.0,5.0
2024-01-24 13:00:00+00:00,Karachi,22.0,47,1015.8,2.48,5,114.38,180.61,1028.06,39.76,24.08,114.44,6.71,13,24,1,2,0.0,5.0,5.0,5.0,5.0
2024-01-24 14:00:00+00:00,Karachi,21.0,56,1016.2,2.2,5,110.8,173.59,1068.12,42.5,22.89,97.27,7.47,14,24,1,2,0.0,5.0,5.0,5.0,5.0
2024-01-24 15:00:00+00:00,Karachi,20.2,64,1016.8,2.36,5,106.69,165.59,1001.36,35.64,20.5,100.14,8.36,15,24,1,2,0.0,5.0,5.0,5.0,5.0
2024-01-24 16:00:00+00:00,Karachi,19.2,72,1017.2,2.16,5,129.96,194.6,1441.96,50.72,20.27,80.11,16.97,16,24,1,2,0.0,5.0,5.0,5.0,5.0
2024-01-24 17:00:00+00:00,Karachi,18.5,79,1017.3,2.2,5,155.62,226.77,1895.9,65.12,20.5,57.22,25.33,17,24,1,2,0.0,5.0,5.0,5.0,5.0
2024-01-24 18:00:00+00:00,Karachi,17.8,84,1017.5,2.09,5,170.14,243.47,2082.82,69.23,19.79,50.07,28.88,18,24,1,2,0.0,5.0,5.0,5.0,5.0
2024-01-24 19:00:00+00:00,Karachi,19.7,76,1017.4,0.81,5,165.58,237.02,2082.82,69.23,17.4,48.64,25.33,19,24,1,2,0.0,5.0,5.0,5.0,5.0
2024-01-24 20:00:00+00:00,Karachi,16.5,88,1017.0,1.78,5,155.81,221.83,2002.72,68.55,14.66,46.49,18.24,20,24,1,2,0.0,5.0,5.0,5.0,5.0
2024-01-24 21:00:00+00:00,Karachi,15.7,80,1016.6,3.11,5,165.59,228.81,2189.64,69.23,14.9,42.2,16.97,21,24,1,2,0.0,5.0,5.0,5.0,5.0
2024-01-24 22:00:00+00:00,Karachi,14.6,84,1016.4,2.69,5,189.56,252.23,2456.67,70.6,16.45,39.7,18.49,22,24,1,2,0.0,5.0,5.0,5.0,5.0
2024-01-24 23:00:00+00:00,Karachi,14.4,84,1016.2,2.42,5,221.27,285.09,2777.1,74.71,19.31,32.19,21.79,23,24,1,2,0.0,5.0,5.0,5.0,5.0
2024-01-25 00:00:00+00:00,Karachi,14.3,84,1016.3,2.5,5,263.86,331.62,3284.45,84.31,23.84,18.06,26.6,0,25,1,3,0.0,5.0,5.0,5.0,5.0
2024-01-25 01:00:00+00:00,Karachi,13.3,75,1016.8,2.8,5,304.38,378.29,3791.81,93.22,28.85,5.23,30.65,1,25,1,3,0.0,5.0,5.0,5.0,5.0
2024-01-25 02:00:00+00:00,Karachi,13.4,74,1017.4,2.85,5,346.58,429.54,4432.68,98.71,32.9,0.27,33.44,2,25,1,3,0.0,5.0,5.0,5.0,5.0
2024-01-25 03:00:00+00:00,Karachi,14.3,68,1017.8,2.98,5,425.45,529.71,6034.85,106.93,41.01,0.1,47.12,3,25,1,3,0.0,5.0,5.0,5.0,5.0
2024-01-25 04:00:00+00:00,Karachi,17.5,53,1018.7,2.96,5,461.85,598.7,7476.81,112.41,46.73,2.37,59.28,4,25,1,3,0.0,5.0,5.0,5.0,5.0
2024-01-25 05:00:00+00:00,Karachi,20.8,44,1019.1,3.01,5,436.23,605.76,7370.0,122.01,48.64,8.58,66.88,5,25,1,3,0.0,5.0,5.0,5.0,5.0
2024-01-25 06:00:00+00:00,Karachi,22.5,52,1018.9,3.2,5,391.48,575.07,6195.07,138.46,49.59,27.89,64.34,6,25,1,3,0.0,5.0,5.0,5.0,5.0
2024-01-25 07:00:00+00:00,Karachi,23.3,54,1018.3,3.14,5,138.7,214.67,1415.25,42.5,47.21,117.3,11.27,7,25,1,3,0.0,5.0,5.0,5.0,5.0
2024-01-25 08:00:00+00:00,Karachi,23.8,54,1017.6,3.1,5,125.59,194.0,1148.22,30.5,34.33,143.05,8.99,8,25,1,3,0.0,5.0,5.0,5.0,5.0
2024-01-25 09:00:00+00:00,Karachi,24.0,55,1016.5,3.64,5,130.56,199.29,1188.28,30.85,28.61,158.79,9.12,9,25,1,3,0.0,5.0,5.0,5.0,5.0
2024-01-25 10:00:00+00:00,Karachi,24.0,56,1015.8,4.02,5,141.98,212.12,1455.31,45.24,24.08,150.2,12.16,10,25,1,3,0.0,5.0,5.0,5.0,5.0
2024-01-25 11:00:00+00:00,Karachi,23.6,58,1015.5,4.34,5,143.72,212.67,1735.69,63.06,19.55,117.3,16.09,11,25,1,3,0.0,5.0,5.0,5.0,5.0
2024-01-25 12:00:00+00:00,Karachi,22.9,62,1015.6,4.08,5,128.79,191.73,1815.8,73.34,15.97,80.82,16.97,12,25,1,3,0.0,5.0,5.0,5.0,5.0
2024-01-25 13:00:00+00:00,Karachi,21.7,69,1016.1,3.31,5,119.69,178.11,2109.53,95.96,14.66,32.9,18.49,13,25,1,3,0.0,5.0,5.0,5.0,5.0
2024-01-25 14:00:00+00:00,Karachi,21.1,73,1016.6,2.47,5,111.15,166.85,2082.82,100.08,13.59,10.46,17.99,14,25,1,3,0.0,5.0,5.0,5.0,5.0
2024-01-25 15:00:00+00:00,Karachi,20.5,78,1017.2,2.1,5,94.47,146.04,1522.06,63.75,11.44,45.06,14.31,15,25,1,3,0.0,5.0,5.0,5.0,5.0
2024-01-25 16:00:00+00:00,Karachi,19.6,85,1017.6,1.8,5,101.38,156.66,1615.52,60.32,12.87,49.35,19.0,16,25,1,3,0.0,5.0,5.0,5.0,5.0
2024-01-25 17:00:00+00:00,Karachi,19.3,87,1017.7,1.3,5,125.59,188.7,2162.93,78.14,15.74,11.44,27.36,17,25,1,3,0.0,5.0,5.0,5.0,5.0
2024-01-25 18:00:00+00:00,Karachi,19.0,88,1017.6,1.4,5,140.52,206.83,2429.96,73.34,17.4,0.76,31.16,18,25,1,3,0.0,5.0,5.0,5.0,5.0
2024-01-25 19:00:00+00:00,Karachi,19.1,88,1017.3,1.39,5,136.55,200.73,2429.96,69.23,16.69,0.22,28.37,19,25,1,3,0.0,5.0,5.0,5.0,5.0
2024-01-25 20:00:00+00:00,Karachi,18.6,90,1017.0,1.49,5,128.2,187.24,2403.26,76.09,15.26,0.27,22.29,20,25,1,3,0.0,5.0,5.0,5.0,5.0
2024-01-25 21:00:00+00:00,Karachi,19.4,88,1016.9,0.22,5,157.69,217.81,3017.43,89.11,17.17,0.05,21.79,21,25,1,3,0.0,5.0,5.0,5.0,5.0
2024-01-25 22:00:00+00:00,Karachi,16.5,95,1016.9,3.33,5,247.07,314.33,4486.08,109.67,22.65,0.0,25.59,22,25,1,3,0.0,5.0,5.0,5.0,5.0
2024-01-25 23:00:00+00:00,Karachi,15.5,91,1017.0,3.77,5,438.04,521.49,7156.37,154.91,31.95,0.0,33.44,23,25,1,3,0.0,5.0,5.0,5.0,5.0
2024-01-26 00:00:00+00:00,Karachi,15.3,82,1017.0,3.22,5,481.5,568.61,7156.37,153.54,29.56,0.0,28.63,0,26,1,4,0.0,5.0,5.0,5.0,5.0
2024-01-26 01:00:00+00:00,Karachi,14.1,77,1018.2,3.69,5,283.88,356.92,3631.59,78.14,19.55,2.32,18.24,1,26,1,4,0.0,5.0,5.0,5.0,5.0
2024-01-26 02:00:00+00:00,Karachi,14.0,78,1019.1,3.44,5,214.14,285.64,2243.04,50.72,18.36,15.38,20.01,2,26,1,4,0.0,5.0,5.0,5.0,5.0
2024-01-26 03:00:00+00:00,Karachi,14.6,75,1019.8,3.18,5,285.7,374.2,3177.64,78.83,24.56,4.52,32.93,3,26,1,4,0.0,5.0,5.0,5.0,5.0
2024-01-26 04:00:00+00:00,Karachi,16.8,64,1020.3,3.18,5,348.52,460.47,4112.24,91.85,29.33,5.45,41.54,4,26,1,4,0.0,5.0,5.0,5.0,5.0
2024-01-26 05:00:00+00:00,Karachi,19.8,52,1020.9,3.76,5,357.44,480.49,4165.65,91.85,31.47,18.42,43.57,5,26,1,4,0.0,5.0,5.0,5.0,5.0
2024-01-26 06:00:00+00:00,Karachi,22.6,46,1020.9,4.59,5,333.01,454.66,3391.27,79.51,32.9,48.64,36.98,6,26,1,4,0.0,5.0,5.0,5.0,5.0
2024-01-26 07:00:00+00:00,Karachi,24.0,42,1019.9,4.28,5,206.8,289.18,1455.31,33.24,46.25,124.45,7.66,7,26,1,4,0.0,5.0,5.0,5.0,5.0
2024-01-26 08:00:00+00:00,Karachi,25.0,38,1018.7,3.95,5,169.41,237.35,1148.22,25.02,49.59,148.77,3.93,8,26,1,4,0.0,5.0,5.0,5.0,5.0
2024-01-26 09:00:00+00:00,Karachi,25.7,35,1017.8,3.67,5,158.2,223.38,1094.82,25.02,48.64,160.22,4.12,9,26,1,4,0.0,5.0,5.0,5.0,5.0
2024-01-26 10:00:00+00:00,Karachi,26.0,34,1017.1,3.62,5,163.16,230.8,1188.28,28.79,46.25,161.65,5.57,10,26,1,4,0.0,5.0,5.0,5.0,5.0
2024-01-26 11:00:00+00:00,Karachi,25.9,33,1016.8,3.72,5,173.1,244.24,1388.55,38.04,46.73,151.63,8.23,11,26,1,4,0.0,5.0,5.0,5.0,5.0
2024-01-26 12:00:00+00:00,Karachi,25.4,35,1017.1,3.96,5,173.9,247.97,1588.82,49.35,49.11,131.61,10.89,12,26,1,4,0.0,5.0,5.0,5.0,5.0
2024-01-26 13:00:00+00:00,Karachi,23.9,44,1018.1,4.49,5,168.81,245.87,1735.69,63.06,49.11,100.14,12.67,13,26,1,4,0.0,5.0,5.0,5.0,5.0
2024-01-26 14:00:00+00:00,Karachi,22.6,47,1019.0,4.81,5,170.21,250.71,1642.23,56.21,42.92,91.55,12.29,14,26,1,4,0.0,5.0,5.0,5.0,5.0
2024-01-26 15:00:00+00:00,Karachi,21.5,49,1019.5,5.14,5,181.63,267.08,1428.6,40.78,37.19,101.57,11.02,15,26,1,4,0.0,5.0,5.0,5.0,5.0
2024-01-26 16:00:00+00:00,Karachi,20.6,52,1019.9,5.3,5,213.05,307.17,1708.98,43.87,32.9,91.55,16.97,16,26,1,4,0.0,5.0,5.0,5.0,5.0
2024-01-26 17:00:00+00:00,Karachi,19.9,54,1019.9,5.04,5,240.3,337.35,1922.61,42.16,27.42,85.83,21.28,17,26,1,4,0.0,5.0,5.0,5.0,5.0
2024-01-26 18:00:00+00:00,Karachi,19.1,56,1019.6,4.81,5,254.6,350.7,2002.72,39.76,24.32,82.97,22.55,18,26,1,4,0.0,5.0,5.0,5.0,5.0
2024-01-26 19:00:00+00:00,Karachi,18.3,58,1020.1,5.1,5,250.31,341.03,1869.2,36.33,21.22,82.25,19.25,19,26,1,4,0.0,5.0,5.0,5.0,5.0
2024-01-26 20:00:00+00:00,Karachi,18.0,59,1020.1,5.47,5,223.39,302.69,1455.31,25.02,16.21,90.12,11.27,20,26,1,4,0.0,5.0,5.0,5.0,5.0
2024-01-26 21:00:00+00:00,Karachi,17.7,59,1020.0,5.47,5,204.57,275.01,1134.87,13.19,11.56,101.57,7.16,21,26,1,4,0.0,5.0,5.0,5.0,5.0
2024-01-26 22:00:00+00:00,Karachi,17.3,59,1019.6,5.4,5,196.27,261.7,1028.06,9.42,9.89,105.86,6.02,22,26,1,4,0.0,5.0,5.0,5.0,5.0
2024-01-26 23:00:00+00:00,Karachi,16.8,61,1019.1,5.11,5,194.24,256.75,1028.06,9.0,10.13,104.43,6.02,23,26,1,4,0.0,5.0,5.0,5.0,5.0
2024-01-27 00:00:00+00:00,Karachi,16.4,62,1018.7,4.75,5,196.77,257.17,1041.41,9.42,10.85,104.43,6.08,0,27,1,5,0.0,5.0,5.0,5.0,5.0
2024-01-27 01:00:00+00:00,Karachi,15.9,66,1019.0,4.4,5,199.37,259.18,1068.12,10.88,11.8,104.43,6.27,1,27,1,5,0.0,5.0,5.0,5.0,5.0
2024-01-27 02:00:00+00:00,Karachi,15.5,67,1019.4,4.28,5,206.86,267.94,1214.98,16.79,13.59,100.14,8.49,2,27,1,5,0.0,5.0,5.0,5.0,5.0
2024-01-27 03:00:00+00:00,Karachi,16.0,64,1020.0,4.33,5,227.09,293.51,1655.58,33.93,17.4,85.83,14.69,3,27,1,5,0.0,5.0,5.0,5.0,5.0
2024-01-27 04:00:00+00:00,Karachi,18.1,55,1020.8,4.44,5,233.83,305.14,2002.72,49.35,20.03,75.82,18.24,4,27,1,5,0.0,5.0,5.0,5.0,5.0
2024-01-27 05:00:00+00:00,Karachi,20.8,46,1021.1,5.1,5,223.6,295.84,1949.31,45.24,21.46,88.69,17.48,5,27,1,5,0.0,5.0,5.0,5.0,5.0
2024-01-27 06:00:00+00:00,Karachi,23.0,40,1020.8,5.61,5,210.49,281.56,1655.58,33.24,23.37,117.3,14.19,6,27,1,5,0.0,5.0,5.0,5.0,5.0
2024-01-27 07:00:00+00:00,Karachi,24.3,37,1019.7,5.26,5,173.36,236.47,1148.22,19.71,26.23,145.91,6.65,7,27,1,5,0.0,5.0,5.0,5.0,5.0
2024-01-27 08:00:00+00:00,Karachi,25.2,35,1018.3,4.64,5,160.1,218.94,1014.71,17.31,31.47,160.22,5.07,8,27,1,5,0.0,5.0,5.0,5.0,5.0
2024-01-27 09:00:00+00:00,Karachi,25.8,34,1017.1,3.9,5,157.52,215.44,974.66,17.65,35.76,168.8,4.81,9,27,1,5,0.0,5.0,5.0,5.0,5.0
2024-01-27 10:00:00+00:00,Karachi,26.0,34,1016.5,3.3,5,197.04,262.43,1762.39,47.98,42.92,154.5,13.43,10,27,1,5,0.0,5.0,5.0,5.0,5.0
2024-01-27 11:00:00+00:00,Karachi,25.7,34,1016.0,3.05,5,252.23,333.01,2990.72,91.85,48.64,130.18,26.09,11,27,1,5,0.0,5.0,5.0,5.0,5.0
2024-01-27 12:00:00+00:00,Karachi,25.0,37,1016.3,2.83,5,269.1,361.09,3524.78,122.01,51.5,105.86,32.17,12,27,1,5,0.0,5.0,5.0,5.0,5.0
2024-01-27 13:00:00+00:00,Karachi,23.6,43,1017.2,3.11,5,269.69,368.23,4005.43,172.73,55.31,36.12,37.49,13,27,1,5,0.0,5.0,5.0,5.0,5.0
2024-01-27 14:00:00+00:00,Karachi,22.5,50,1017.4,3.04,5,269.94,370.35,4379.27,183.7,55.31,1.68,39.01,14,27,1,5,0.0,5.0,5.0,5.0,5.0
2024-01-27 15:00:00+00:00,Karachi,21.7,49,1018.0,3.1,5,268.66,368.6,4219.06,165.88,49.59,1.31,39.52,15,27,1,5,0.0,5.0,5.0,5.0,5.0
2024-01-27 16:00:00+00:00,Karachi,20.7,49,1018.5,3.13,5,274.37,375.22,3952.03,142.57,41.01,4.11,42.05,16,27,1,5,0.0,5.0,5.0,5.0,5.0
2024-01-27 17:00:00+00:00,Karachi,19.5,53,1018.8,2.69,5,342.86,452.53,4913.33,139.83,39.58,0.5,59.78,17,27,1,5,0.0,5.0,5.0,5.0,5.0
2024-01-27 18:00:00+00:00,Karachi,18.5,56,1018.4,2.7,5,425.59,538.97,6088.26,139.83,41.96,0.02,78.02,18,27,1,5,0.0,5.0,5.0,5.0,5.0
2024-01-27 19:00:00+00:00,Karachi,17.6,60,1017.8,2.86,5,431.26,536.71,6034.85,123.38,38.15,0.0,76.0,19,27,1,5,0.0,5.0,5.0,5.0,5.0
2024-01-27 20:00:00+00:00,Karachi,16.6,64,1017.3,2.41,5,367.16,455.83,4966.74,98.71,28.85,0.0,56.24,20,27,1,5,0.0,5.0,5.0,5.0,5.0
2024-01-27 21:00:00+00:00,Karachi,15.8,67,1016.7,2.33,5,302.62,375.91,3738.4,76.09,21.93,0.1,39.01,21,27,1,5,0.0,5.0,5.0,5.0,5.0
2024-01-27 22:00:00+00:00,Karachi,15.2,70,1016.4,2.45,5,272.3,336.27,2910.61,59.63,19.07,1.42,29.89,22,27,1,5,0.0,5.0,5.0,5.0,5.0
2024-01-27 23:00:00+00:00,Karachi,14.7,74,1016.3,2.62,5,264.0,324.46,2510.07,49.35,18.12,9.66,25.59,23,27,1,5,0.0,5.0,5.0,5.0,5.0
2024-01-28 00:00:00+00:00,Karachi,14.2,78,1016.2,2.35,5,267.59,327.81,2429.96,43.18,18.6,22.71,23.81,0,28,1,6,0.0,5.0,5.0,5.0,5.0
2024-01-28 01:00:00+00:00,Karachi,13.3,83,1016.6,2.42,5,277.08,337.77,2536.77,45.93,19.79,28.61,23.81,1,28,1,6,0.0,5.0,5.0,5.0,5.0
2024-01-28 02:00:00+00:00,Karachi,12.9,85,1016.9,2.19,5,312.84,378.18,3177.64,67.86,23.37,16.63,29.64,2,28,1,6,0.0,5.0,5.0,5.0,5.0
2024-01-28 03:00:00+00:00,Karachi,13.9,80,1017.5,2.0,5,419.51,502.09,5233.76,101.45,33.86,0.45,49.14,3,28,1,6,0.0,5.0,5.0,5.0,5.0
2024-01-28 04:00:00+00:00,Karachi,17.1,65,1018.3,1.5,5,535.49,644.61,7904.05,128.87,46.25,1.32,71.94,4,28,1,6,0.0,5.0,5.0,5.0,5.0
2024-01-28 05:00:00+00:00,Karachi,20.5,50,1018.7,1.26,5,588.64,718.27,9506.23,153.54,53.88,2.82,89.17,5,28,1,6,0.0,5.0,5.0,5.0,5.0
2024-01-28 06:00:00+00:00,Karachi,22.3,47,1018.5,1.04,5,574.74,711.83,9292.6,171.36,56.74,5.41,93.22,6,28,1,6,0.0,5.0,5.0,5.0,5.0
2024-01-28 07:00:00+00:00,Karachi,23.3,49,1017.5,2.82,5,229.52,290.22,1976.01,56.89,39.1,94.41,9.37,7,28,1,6,0.0,5.0,5.0,5.0,5.0
2024-01-28 08:00:00+00:00,Karachi,23.6,49,1016.5,4.22,5,190.64,243.96,1295.09,28.79,24.08,130.18,3.64,8,28,1,6,0.0,5.0,5.0,5.0,5.0
2024-01-28 09:00:00+00:00,Karachi,23.8,51,1015.7,4.53,5,185.63,241.56,1121.52,19.02,17.4,151.63,2.69,9,28,1,6,0.0,5.0,5.0,5.0,5.0
2024-01-28 10:00:00+00:00,Karachi,24.3,52,1015.2,5.13,5,196.37,257.95,1148.22,19.88,13.59,150.2,3.17,10,28,1,6,0.0,5.0,5.0,5.0,5.0
2024-01-28 11:00:00+00:00,Karachi,23.0,61,1014.9,5.45,5,195.06,256.79,1214.98,27.42,11.09,128.75,5.13,11,28,1,6,0.0,5.0,5.0,5.0,5.0
2024-01-28 12:00:00+00:00,Karachi,22.5,64,1015.1,4.22,5,160.81,210.82,1188.28,34.96,8.46,103.0,7.03,12,28,1,6,0.0,5.0,5.0,5.0,5.0
2024-01-28 13:00:00+00:00,Karachi,22.7,62,1015.2,4.1,5,117.63,153.98,1201.63,46.61,7.09,72.96,8.49,13,28,1,6,0.0,5.0,5.0,5.0,5.0
2024-01-28 14:00:00+00:00,Karachi,22.4,65,1015.7,3.65,5,84.62,112.63,1081.47,43.53,6.08,65.8,8.36,14,28,1,6,0.0,5.0,5.0,5.0,5.0
2024-01-28 15:00:00+00:00,Karachi,22.1,70,1016.1,3.18,4,64.0,87.95,821.11,25.36,5.13,86.55,6.52,15,28,1,6,-1.0,4.666666666666667,5.0,5.0,5.0
2024-01-28 16:00:00+00:00,Karachi,21.9,74,1016.4,3.92,4,54.29,77.57,614.17,11.31,4.05,104.43,3.89,16,28,1,6,0.0,4.333333333333333,4.0,5.0,5.0
2024-01-28 17:00:00+00:00,Karachi,21.6,79,1016.5,4.08,4,55.76,80.68,600.81,10.71,3.99,103.0,4.31,17,28,1,6,0.0,4.0,4.0,4.0,5.0
2024-01-28 18:00:00+00:00,Karachi,21.3,82,1016.3,3.73,3,45.65,66.23,560.76,9.85,3.67,103.0,4.24,18,28,1,6,-1.0,3.6666666666666665,4.0,4.0,4.0
2024-01-28 19:00:00+00:00,Karachi,21.1,84,1015.8,3.63,3,31.17,45.85,507.35,9.0,3.04,101.57,3.39,19,28,1,6,0.0,3.3333333333333335,3.0,4.0,4.0
2024-01-28 20:00:00+00:00,Karachi,21.0,85,1015.2,3.9,3,21.05,31.48,427.25,7.37,2.5,101.57,2.06,20,28,1,6,0.0,3.0,3.0,3.0,4.0
2024-01-28 21:00:00+00:00,Karachi,20.8,83,1014.9,3.52,2,17.7,26.41,413.89,6.85,3.04,98.71,2.25,21,28,1,6,-1.0,2.6666666666666665,3.0,3.0,3.0
2024-01-28 22:00:00+00:00,Karachi,20.6,83,1014.8,3.03,2,18.4,27.0,420.57,6.68,3.46,95.84,2.82,22,28,1,6,0.0,2.3333333333333335,2.0,3.0,3.0
2024-01-28 23:00:00+00:00,Karachi,20.3,84,1014.8,2.89,2,21.42,30.99,460.62,7.8,3.99,91.55,3.67,23,28,1,6,0.0,2.0,2.0,2.0,3.0
2024-01-29 00:00:00+00:00,Karachi,20.0,86,1014.9,2.83,2,24.34,34.83,514.03,9.68,4.77,86.55,4.69,0,29,1,0,0.0,2.0,2.0,2.0,2.0
2024-01-29 01:00:00+00:00,Karachi,18.6,90,1015.4,2.64,3,31.44,43.39,680.92,15.94,6.62,77.96,6.9,1,29,1,0,1.0,2.3333333333333335,2.0,2.0,2.0
2024-01-29 02:00:00+00:00,Karachi,18.1,93,1016.3,2.5,4,52.14,67.67,1174.93,34.27,10.25,57.94,12.29,2,29,1,0,1.0,3.0,3.0,2.0,2.0
2024-01-29 03:00:00+00:00,Karachi,19.0,91,1016.9,2.28,5,113.05,139.01,2563.48,83.63,17.64,11.18,25.84,3,29,1,0,1.0,4.0,4.0,3.0,2.0
2024-01-29 04:00:00+00:00,Karachi,21.8,78,1017.6,1.8,5,180.32,217.54,4379.27,93.22,25.75,1.65,38.5,4,29,1,0,0.0,4.666666666666667,5.0,4.0,3.0
2024-01-29 05:00:00+00:00,Karachi,24.3,66,1017.9,2.5,5,172.17,210.06,4432.68,82.94,26.23,2.86,39.52,5,29,1,0,0.0,5.0,5.0,5.0,4.0
2024-01-29 06:00:00+00:00,Karachi,26.0,58,1017.7,3.68,5,110.54,141.51,2910.61,69.92,20.98,9.83,31.66,6,29,1,0,0.0,5.0,5.0,5.0,5.0
2024-01-29 07:00:00+00:00,Karachi,27.0,53,1016.8,4.28,2,19.74,30.78,627.52,18.51,8.23,77.25,6.46,7,29,1,0,-3.0,4.0,5.0,5.0,5.0
2024-01-29 08:00:00+00:00,Karachi,27.5,51,1015.7,4.93,2,10.89,18.02,460.62,12.0,6.08,86.55,4.12,8,29,1,0,0.0,3.0,2.0,5.0,5.0
2024-01-29 09:00:00+00:00,Karachi,27.4,52,1014.8,5.4,2,8.27,14.05,433.92,11.31,5.3,85.83,3.55,9,29,1,0,0.0,2.0,2.0,2.0,5.0
2024-01-29 10:00:00+00:00,Karachi,26.9,55,1014.4,5.66,2,8.53,14.34,487.33,14.74,5.3,80.82,4.18,10,29,1,0,0.0,2.0,2.0,2.0,2.0
2024-01-29 11:00:00+00:00,Karachi,26.0,61,1014.4,5.73,2,10.41,16.95,587.46,20.91,5.84,72.24,5.51,11,29,1,0,0.0,2.0,2.0,2.0,2.0
2024-01-29 12:00:00+00:00,Karachi,25.3,65,1014.5,5.26,2,11.59,18.45,654.22,25.7,5.78,65.09,6.14,12,29,1,0,0.0,2.0,2.0,2.0,2.0
2024-01-29 13:00:00+00:00,Karachi,24.0,71,1015.4,4.74,2,13.2,20.34,767.71,33.59,6.08,53.64,6.65,13,29,1,0,0.0,2.0,2.0,2.0,2.0
2024-01-29 14:00:00+00:00,Karachi,23.2,77,1016.2,3.81,2,13.51,20.61,761.03,33.24,6.02,52.21,6.59,14,29,1,0,0.0,2.0,2.0,2.0,2.0
2024-01-29 15:00:00+00:00,Karachi,22.9,81,1016.4,2.88,2,13.5,20.84,660.9,25.02,5.78,61.51,6.52,15,29,1,0,0.0,2.0,2.0,2.0,2.0
2024-01-29 16:00:00+00:00,Karachi,22.5,84,1016.9,2.51,2,18.93,28.96,747.68,25.7,6.62,60.8,8.74,16,29,1,0,0.0,2.0,2.0,2.0,2.0
2024-01-29 17:00:00+00:00,Karachi,21.8,89,1016.9,2.16,3,27.15,41.26,881.2,29.82,7.51,55.07,11.27,17,29,1,0,1.0,2.3333333333333335,2.0,2.0,2.0
2024-01-29 18:00:00+00:00,Karachi,21.0,93,1017.0,1.79,3,33.33,50.6,961.3,31.19,7.99,52.93,12.54,18,29,1,0,0.0,2.6666666666666665,3.0,2.0,2.0
2024-01-29 19:00:00+00:00,Karachi,20.4,94,1016.9,1.43,3,31.51,49.44,881.2,29.47,7.03,54.36,10.64,19,29,1,0,0.0,3.0,3.0,3.0,2.0
2024-01-29 20:00:00+00:00,Karachi,20.2,95,1016.3,1.3,2,23.13,38.16,647.54,21.76,5.19,62.23,6.08,20,29,1,0,-1.0,2.6666666666666665,3.0,3.0,3.0
2024-01-29 21:00:00+00:00,Karachi,20.9,92,1015.9,0.36,2,20.39,33.79,507.35,14.91,4.47,69.38,4.37,21,29,1,0,0.0,2.3333333333333335,2.0,3.0,3.0
2024-01-29 22:00:00+00:00,Karachi,20.7,92,1015.4,0.51,2,18.98,30.71,440.6,10.54,4.17,74.39,3.96,22,29,1,0,0.0,2.0,2.0,2.0,3.0
2024-01-29 23:00:00+00:00,Karachi,20.6,92,1014.8,0.71,2,18.25,28.42,440.6,9.42,4.47,75.82,4.24,23,29,1,0,0.0,2.0,2.0,2.0,2.0
2024-01-30 00:00:00+00:00,Karachi,20.8,91,1014.5,0.64,2,18.61,27.67,480.65,10.2,5.13,75.82,4.81,0,30,1,1,0.0,2.0,2.0,2.0,2.0
2024-01-30 01:00:00+00:00,Karachi,19.0,96,1015.2,1.84,3,28.68,39.05,727.65,17.99,7.51,67.23,7.85,1,30,1,1,1.0,2.3333333333333335,2.0,2.0,2.0
2024-01-30 02:00:00+00:00,Karachi,19.0,96,1016.2,2.69,4,64.92,81.81,1535.42,46.61,12.99,39.7,16.47,2,30,1,1,1.0,3.0,3.0,2.0,2.0
2024-01-30 03:00:00+00:00,Karachi,18.8,96,1016.5,1.66,5,188.07,225.39,4112.24,98.71,27.42,1.29,43.57,3,30,1,1,1.0,4.0,4.0,3.0,2.0
2024-01-30 04:00:00+00:00,Karachi,20.4,88,1017.2,1.1,5,396.2,463.93,8651.73,122.01,49.59,0.03,83.09,4,30,1,1,0.0,4.666666666666667,5.0,4.0,3.0
2024-01-30 05:00:00+00:00,Karachi,22.3,78,1017.4,0.89,5,544.55,636.73,12069.7,135.72,62.94,0.07,102.34,5,30,1,1,0.0,5.0,5.0,5.0,4.0
2024-01-30 06:00:00+00:00,Karachi,23.3,72,1017.1,1.0,5,557.65,650.69,12496.95,138.46,64.85,0.48,100.31,6,30,1,1,0.0,5.0,5.0,5.0,5.0
2024-01-30 07:00:00+00:00,Karachi,24.8,66,1016.2,2.58,5,108.54,132.91,2990.72,82.94,25.99,14.84,25.33,7,30,1,1,0.0,5.0,5.0,5.0,5.0
2024-01-30 08:00:00+00:00,Karachi,25.2,64,1015.2,3.83,3,47.07,63.4,1508.71,54.15,15.26,34.69,14.95,8,30,1,1,-2.0,4.333333333333333,5.0,5.0,5.0
2024-01-30 09:00:00+00:00,Karachi,25.4,63,1014.0,4.58,3,29.79,44.14,1094.82,42.16,10.61,47.21,11.65,9,30,1,1,0.0,3.6666666666666665,3.0,5.0,5.0
2024-01-30 10:00:00+00:00,Karachi,25.1,60,1013.3,4.57,2,20.43,32.41,854.49,33.93,7.63,54.36,9.5,10,30,1,1,-1.0,2.6666666666666665,3.0,3.0,5.0
2024-01-30 11:00:00+00:00,Karachi,25.2,60,1012.9,4.66,2,16.26,26.0,747.68,30.5,6.56,57.22,8.04,11,30,1,1,0.0,2.3333333333333335,2.0,3.0,3.0
2024-01-30 12:00:00+00:00,Karachi,24.5,64,1013.0,4.74,2,14.33,22.8,714.3,29.82,5.96,55.07,7.09,12,30,1,1,0.0,2.0,2.0,2.0,3.0
2024-01-30 13:00:00+00:00,Karachi,23.4,73,1014.0,3.86,2,13.99,21.53,754.36,33.93,5.84,48.64,6.71,13,30,1,1,0.0,2.0,2.0,2.0,2.0
2024-01-30 14:00:00+00:00,Karachi,22.8,77,1014.5,3.45,2,13.76,20.96,727.65,31.87,5.54,47.92,6.27,14,30,1,1,0.0,2.0,2.0,2.0,2.0
2024-01-30 15:00:00+00:00,Karachi,22.5,80,1015.0,3.04,2,13.42,20.73,614.17,22.62,5.13,57.94,5.95,15,30,1,1,0.0,2.0,2.0,2.0,2.0
2024-01-30 16:00:00+00:00,Karachi,22.2,82,1015.5,3.14,2,14.42,22.64,580.79,18.34,5.25,62.94,6.27,16,30,1,1,0.0,2.0,2.0,2.0,2.0
2024-01-30 17:00:00+00:00,Karachi,21.9,85,1015.5,3.19,2,15.96,25.53,567.44,16.28,5.19,64.37,6.4,17,30,1,1,0.0,2.0,2.0,2.0,2.0
2024-01-30 18:00:00+00:00,Karachi,21.7,87,1015.5,3.33,2,17.14,27.75,554.08,14.91,4.95,65.8,6.33,18,30,1,1,0.0,2.0,2.0,2.0,2.0
2024-01-30 19:00:00+00:00,Karachi,21.5,89,1014.8,3.39,2,15.9,26.29,520.71,14.22,4.35,66.52,5.38,19,30,1,1,0.0,2.0,2.0,2.0,2.0
2024-01-30 20:00:00+00:00,Karachi,21.2,91,1014.4,2.69,2,11.48,18.9,433.92,11.31,3.37,68.66,3.26,20,30,1,1,0.0,2.0,2.0,2.0,2.0
2024-01-30 21:00:00+00:00,Karachi,21.1,91,1014.0,2.83,2,9.63,14.93,380.52,8.14,3.01,72.24,2.63,21,30,1,1,0.0,2.0,2.0,2.0,2.0
2024-01-30 22:00:00+00:00,Karachi,20.9,91,1013.7,2.88,2,9.18,13.23,353.81,5.91,2.77,74.39,2.37,22,30,1,1,0.0,2.0,2.0,2.0,2.0
2024-01-30 23:00:00+00:00,Karachi,20.5,91,1013.3,2.81,2,9.5,13.19,350.48,5.27,2.83,76.53,2.41,23,30,1,1,0.0,2.0,2.0,2.0,2.0
2024-01-31 00:00:00+00:00,Karachi,20.4,91,1013.2,3.01,2,9.93,13.72,350.48,5.27,3.01,79.39,2.5,0,31,1,2,0.0,2.0,2.0,2.0,2.0
